index,category
0,0.86823744
1,0.00044585625
2,9.6713775e-06
3,0.43904516
4,0.000640679
5,0.20271678
6,9.9999525e-05
7,0.9870184
8,5.1404033e-05
9,0.0019801655
10,0.0002380442
11,0.9986236
12,0.00013713259
13,0.0013729732
14,0.0009337567
15,0.00034518377
16,0.0015397593
17,0.017387059
18,0.9682262
19,0.00024339826
20,0.99933606
21,0.9998448
22,4.408403e-05
23,0.0014266901
24,0.9816202
25,0.0009529478
26,0.9996125
27,0.0013043665
28,1.9971834e-05
29,0.3690116
30,8.034825e-05
31,0.9641529
32,0.0016191967
33,0.9899592
34,0.99840623
35,0.00043051163
36,0.0035877877
37,0.00027733188
38,0.0014502299
39,0.00022097664
40,0.00050119136
41,0.00030977651
42,0.00013968637
43,0.030996114
44,0.3128068
45,0.0012205372
46,0.99959844
47,0.107412465
48,0.9189444
49,9.904783e-05
50,0.028171914
51,0.99946135
52,0.07805562
53,0.0070139817
54,0.9943137
55,0.9977811
56,0.70475495
57,0.99839586
58,0.0003691609
59,0.001288875
60,0.9962579
61,0.001679496
62,0.0008686883
63,4.8958107e-05
64,0.9988594
65,0.00015754478
66,0.9982363
67,0.00017604815
68,0.9948667
69,0.00026821956
70,0.99922717
71,0.99914706
72,0.9970721
73,0.002728471
74,0.0025009017
75,0.0045957514
76,0.99967945
77,0.78006625
78,0.99819416
79,0.00011256682
80,5.8412013e-05
81,0.9993025
82,0.0002376126
83,0.0007568223
84,0.008738892
85,0.11181709
86,0.0007993963
87,3.5348778e-05
88,0.015859917
89,0.0014334739
90,0.0002965843
91,0.5887333
92,0.83152515
93,0.00037495006
94,6.986089e-06
95,0.9985757
96,0.0026531317
97,0.0010415951
98,0.0010892665
99,0.00027229253
100,0.0005913302
101,0.0015846808
102,0.00032550088
103,0.00057013246
104,0.8852665
105,0.00023265519
106,8.803783e-06
107,0.00023024506
108,0.001957985
109,0.15618104
110,5.951564e-05
111,5.631561e-06
112,0.99979836
113,0.00019803442
114,0.00035612663
115,0.9995499
116,0.8822046
117,0.00010336244
118,0.00012580222
119,0.99890935
120,0.99921584
121,0.0007476651
122,0.6131146
123,4.154326e-05
124,0.82704985
125,0.00027278735
126,0.99988186
127,0.0028332432
128,0.99411434
129,0.001189612
130,0.0016507185
131,0.00067882286
132,0.62636817
133,0.0007517903
134,0.99955076
135,0.0018772986
136,0.00015647204
137,0.00015753129
138,0.8327945
139,0.9988859
140,0.99922264
141,0.00027488617
142,0.0011991449
143,0.0004577427
144,0.999673
145,0.0011631396
146,3.6872632e-05
147,0.20160921
148,8.836811e-06
149,0.00026202505
150,0.002034612
151,0.00030091614
152,0.0037955677
153,0.0019085051
154,1.5757698e-05
155,0.9999739
156,0.0039588553
157,0.83236635
158,0.00086099096
159,0.00010932895
160,0.0017150929
161,0.0007286039
162,0.9963773
163,0.9997334
164,1.47210185e-05
165,0.0033695982
166,0.020155502
167,0.9957104
168,0.7182788
169,0.9972409
170,0.00036041974
171,0.17537123
172,5.8743142e-05
173,0.996375
174,0.9993179
175,0.9977798
176,0.99299943
177,0.88878644
178,0.9834911
179,0.0005859571
180,0.002802243
181,0.9956864
182,0.99996114
183,0.0037789596
184,0.0014897542
185,0.008304163
186,0.0007371775
187,0.6976904
188,0.00019385703
189,0.000733376
190,0.9229487
191,0.0003141385
192,0.00015153333
193,0.00064706296
194,0.0026594095
195,0.98862666
196,0.9965539
197,0.0013753799
198,0.0061749867
199,0.9996319
200,0.00014074336
201,0.00019407262
202,0.009294067
203,0.000874166
204,0.04410776
205,0.998836
206,0.9988691
207,0.00010881217
208,0.0008142212
209,0.04678688
210,0.9996044
211,0.66929007
212,0.0027339773
213,0.007536838
214,0.008927955
215,0.0021549135
216,0.50079966
217,0.9995616
218,0.0100002745
219,0.9998006
220,0.99091935
221,0.060044274
222,0.00016989943
223,0.0011052231
224,0.9536212
225,0.087640956
226,0.0008234816
227,0.022509212
228,0.00068455545
229,2.7317868e-05
230,0.99820006
231,0.9996113
232,0.01644967
233,0.99684554
234,0.95605594
235,0.00049316976
236,0.9959396
237,0.74838144
238,0.008558208
239,0.99308735
240,0.9975484
241,0.9996412
242,0.74034774
243,0.0031760389
244,0.02143719
245,0.0013869146
246,8.729637e-05
247,0.9830027
248,0.0020942297
249,0.00045657132
250,0.9959858
251,0.99933606
252,0.37760428
253,0.99436814
254,0.0004041288
255,0.9656174
256,0.20416284
257,0.81857336
258,0.0022824986
259,0.0039223884
260,0.30815724
261,0.0005744538
262,0.00011512064
263,0.00847035
264,0.00040273723
265,0.00083146075
266,0.8723027
267,0.00012134379
268,0.00061775744
269,8.6541695e-05
270,0.000435988
271,0.99949145
272,8.0352096e-05
273,0.0009975552
274,3.8231592e-05
275,0.0052836663
276,0.0008430999
277,0.0013360622
278,0.0009771205
279,0.0006638705
280,0.8582582
281,0.9995127
282,0.98961616
283,0.9932181
284,1.0629835e-06
285,0.0006664094
286,0.0008019596
287,0.99347407
288,0.9996611
289,0.37127584
290,0.9980957
291,0.0029662387
292,0.9981698
293,0.98283654
294,0.9085343
295,0.0002049871
296,1.8194472e-05
297,0.99821484
298,0.0018881743
299,0.0012404141
300,0.00062321726
301,0.002011138
302,0.99873513
303,0.9957932
304,0.000115352515
305,0.49694827
306,4.0065068e-05
307,0.0010668566
308,0.9916467
309,0.0024850126
310,0.9958689
311,0.00013113028
312,0.01124303
313,0.99812657
314,0.005997681
315,0.99975795
316,0.0013137906
317,0.99867404
318,0.00011921554
319,0.007702117
320,0.58333
321,0.8377169
322,0.9986754
323,0.99897087
324,0.9991966
325,0.7937701
326,0.0018095372
327,0.00013711705
328,0.9945557
329,9.334562e-05
330,0.99934524
331,0.9811116
332,0.86807466
333,0.99932086
334,0.84593433
335,0.0011317512
336,0.041065678
337,0.032271713
338,0.9994248
339,0.00037897495
340,2.6969248e-05
341,0.001239491
342,0.006802333
343,0.99780613
344,0.9926439
345,0.002666038
346,3.0058602e-05
347,0.9985261
348,0.00062949304
349,3.2297234e-05
350,8.378682e-05
351,0.0012931153
352,1.5817248e-05
353,0.9978302
354,0.99880695
355,0.00089796004
356,0.00018566636
357,0.0017771854
358,2.0379583e-05
359,0.9002435
360,0.0006175251
361,3.620525e-05
362,0.002062266
363,0.0018942994
364,0.99892324
365,0.0006735537
366,0.0003197647
367,0.99977964
368,0.99914694
369,0.9997416
370,0.9952231
371,0.0012760836
372,0.0011124293
373,0.9997578
374,0.004865841
375,0.9638656
376,0.004941478
377,0.00016004244
378,0.99858093
379,0.0001571343
380,0.005547144
381,0.0427184
382,0.4328466
383,0.42702442
384,0.84593433
385,0.00015607482
386,0.9996216
387,0.013242218
388,0.00053575955
389,0.9575936
390,0.00028047038
391,0.0014901923
392,6.1577e-05
393,1.0126022e-05
394,0.00014390977
395,0.17303221
396,0.9951814
397,0.017404363
398,0.9937921
399,0.9991573
400,0.06943065
401,0.17111841
402,0.10942113
403,0.0008857436
404,0.0006441599
405,0.0003509931
406,0.99648076
407,0.0001231566
408,0.008166285
409,0.9985328
410,0.0011785224
411,0.9992391
412,0.7259184
413,0.0068477252
414,0.0027517444
415,0.4962258
416,0.99918324
417,0.0019394144
418,0.0009719861
419,0.9842428
420,0.0003430695
421,0.00079207815
422,0.032550674
423,1.8596343e-06
424,0.112212844
425,0.004390827
426,0.00038573547
427,0.11621899
428,0.9985851
429,0.029086584
430,0.99777585
431,0.0004184797
432,0.00037772543
433,0.0017058621
434,0.9996717
435,0.9987583
436,0.9993622
437,0.0034637558
438,5.425404e-05
439,0.9988906
440,0.99780685
441,0.9997459
442,5.6756144e-05
443,0.0008537501
444,0.99932575
445,0.99069655
446,0.94742405
447,0.9998523
448,0.00015161975
449,0.002482477
450,0.000600736
451,0.9974597
452,4.5154084e-05
453,2.6970214e-05
454,0.0050888257
455,0.9952513
456,0.50079966
457,0.0006104081
458,0.9995389
459,0.00047620136
460,0.07683186
461,0.012489051
462,0.9925035
463,0.00086711155
464,0.0004106274
465,0.00024637886
466,0.00081343413
467,0.012015101
468,0.0008125314
469,0.002100309
470,0.019612297
471,0.6022135
472,0.9963456
473,0.0002546547
474,0.00015496628
475,1.16556475e-05
476,0.9991934
477,0.032586593
478,0.0008756528
479,0.00036755137
480,3.9888506e-05
481,0.0014494956
482,0.0014644697
483,0.23361966
484,0.99733055
485,0.0013980746
486,0.99871886
487,0.048714276
488,0.94034153
489,0.00046591595
490,3.2370088e-05
491,0.9992131
492,0.643596
493,0.00047368594
494,0.0001462612
495,0.999343
496,0.0008584721
497,0.97760904
498,0.0006407356
499,0.9997143
500,3.9225426e-05
501,0.016499601
502,0.00059635675
503,0.6381994
504,6.819626e-05
505,0.0003364528
506,0.0024571586
507,0.86633486
508,1.30202325e-05
509,0.95260996
510,0.0001870421
511,4.6890724e-05
512,0.013852118
513,0.0026518551
514,0.9108232
515,9.6747295e-05
516,0.0007548721
517,0.25376603
518,0.9991437
519,0.002898226
520,0.99284744
521,0.005278606
522,0.97720826
523,0.0028827838
524,0.9975701
525,0.9998642
526,2.6543752e-05
527,0.0005638027
528,0.9813328
529,0.03886699
530,0.0015976179
531,0.0006320012
532,0.000196842
533,7.425363e-05
534,0.07435323
535,0.99834263
536,0.0005144859
537,9.4703384e-05
538,0.9984535
539,0.00023937601
540,1.9747258e-05
541,0.34745914
542,0.0004193109
543,0.9996238
544,0.00039995034
545,0.3036451
546,0.00013319855
547,0.30228516
548,0.98427653
549,0.9993555
550,0.0012201644
551,0.010581403
552,0.0023752248
553,0.0010012483
554,0.098147586
555,1.1464268e-05
556,0.9829579
557,0.00023932868
558,0.70437247
559,0.0007749415
560,0.00058246084
561,0.16120155
562,8.896915e-05
563,0.0038112102
564,0.0011538625
565,0.0067111016
566,0.00048756233
567,0.00024778474
568,3.2350504e-06
569,0.996627
570,0.99856335
571,0.07746919
572,0.00042652705
573,8.20589e-05
574,0.99605405
575,0.80394214
576,0.79316986
577,0.00015248702
578,0.21654326
579,0.00033842062
580,0.22964904
581,0.25528884
582,0.00042425812
583,0.00067170843
584,0.0018984862
585,0.9845132
586,2.7628053e-05
587,0.014398248
588,0.00073733256
589,0.00018609007
590,0.0018911668
591,0.00027304588
592,9.191255e-05
593,2.0854182e-07
594,0.99902725
595,0.032793976
596,0.004487185
597,0.00023676504
598,7.921112e-05
599,0.005388701
600,0.9962502
601,1.871219e-05
602,0.0069598868
603,0.044603202
604,1.1495939e-05
605,0.9078753
606,0.000110836685
607,0.48120278
608,0.99940324
609,0.9996681
610,0.00064080255
611,0.0009601255
612,5.8159578e-05
613,0.00013492999
614,0.7446987
615,0.08985053
616,0.99997187
617,0.0048599583
618,6.4172796e-06
619,0.00073574693
620,1.5503354e-05
621,0.0055747647
622,0.0013176935
623,0.9874516
624,0.993682
625,0.004995111
626,0.99961984
627,0.9998247
628,0.9780677
629,0.003111942
630,0.094067805
631,0.9978073
632,0.99619764
633,0.0016177422
634,0.35726517
635,0.024465958
636,6.569104e-05
637,4.4285514e-07
638,0.00060256687
639,0.269632
640,0.99832076
641,0.0017071151
642,0.0010721138
643,0.856516
644,0.0011441058
645,1.1657431e-05
646,0.13655262
647,0.88752794
648,0.5815554
649,0.9988979
650,8.689505e-05
651,7.465557e-05
652,0.00022836222
653,0.52998406
654,0.00026681492
655,0.99969494
656,0.99925536
657,0.0002973429
658,0.5997445
659,0.00039382835
660,0.9988732
661,0.7756583
662,0.004966631
663,0.9997069
664,0.0010387519
665,0.90900314
666,0.9925648
667,0.9965056
668,0.0018889599
669,0.00014533031
670,0.98606575
671,0.0393604
672,0.7963611
673,2.527812e-05
674,6.172729e-05
675,2.869026e-05
676,0.99420124
677,0.9947343
678,0.3913949
679,0.00024845224
680,0.021497877
681,0.00067943207
682,0.00019852624
683,7.2888426e-05
684,0.6389449
685,0.010367824
686,0.0008206787
687,0.0005704671
688,0.99692
689,0.0001697381
690,0.20312543
691,0.9990232
692,0.41953078
693,0.94832146
694,9.3865725e-05
695,0.9929773
696,0.0001366932
697,0.0021771446
698,0.0019784472
699,0.0003376884
700,0.847726
701,0.0021925026
702,0.9999205
703,0.0015834621
704,0.9958539
705,0.00019522337
706,1.4288166e-06
707,0.99939144
708,0.00073224603
709,4.44833e-05
710,0.963588
711,0.002225959
712,3.562255e-05
713,0.0008128656
714,0.00081930537
715,0.0005760269
716,0.7226232
717,0.9996896
718,0.9995103
719,0.9997323
720,0.012375736
721,0.0010360265
722,0.99938023
723,0.99929225
724,0.71732897
725,0.04585642
726,0.99929523
727,0.0017218576
728,0.0328583
729,0.9914914
730,0.0023924673
731,0.0002722886
732,1.5487836e-06
733,0.9993703
734,0.9988343
735,0.1586243
736,0.00023726905
737,0.07869165
738,0.99819285
739,0.0036413963
740,0.005364291
741,0.00090252736
742,0.00022396483
743,0.9994529
744,0.66455466
745,2.7857732e-05
746,0.15501389
747,0.0008446333
748,0.0022977167
749,0.00015659152
750,0.003300685
751,0.9977022
752,0.0024763742
753,0.9197915
754,0.0023788775
755,0.0016767988
756,0.0014664817
757,0.9988456
758,0.00068365573
759,0.9996877
760,0.00011628839
761,8.077981e-05
762,0.00069623825
763,0.9538654
764,0.99991786
765,0.00048703206
766,0.996262
767,0.35792068
768,0.9990784
769,0.99870515
770,0.0007953631
771,0.00045720424
772,0.9986327
773,1.2134921e-05
774,0.9978715
775,0.019451845
776,0.99859744
777,0.123838656
778,0.99881786
779,4.447569e-06
780,0.0011235313
781,0.7410244
782,0.00020025074
783,0.00066553033
784,0.0005820307
785,0.00046994342
786,0.00022941551
787,0.002013298
788,0.9982395
789,0.5275965
790,1.3448995e-05
791,0.9994592
792,0.00041063692
793,0.007465365
794,0.50079966
795,0.037995774
796,0.43373382
797,0.999338
798,0.060230173
799,0.998882
800,0.0006839905
801,0.045749817
802,0.005415385
803,0.12953402
804,0.9991009
805,0.0004358102
806,3.5490796e-06
807,0.0014827217
808,0.9976393
809,0.9978928
810,0.9984719
811,0.0001239509
812,0.14260125
813,0.00028254147
814,0.3929447
815,0.00032184192
816,0.6901093
817,9.2008515e-05
818,0.09000954
819,0.008087737
820,0.00538356
821,0.9991179
822,0.0028957592
823,0.0002509823
824,0.0017779008
825,0.59483397
826,8.892259e-06
827,0.003693625
828,0.00027749967
829,8.445915e-05
830,0.00037759528
831,0.0034611642
832,0.0001969493
833,0.0010279939
834,0.9999604
835,0.99737144
836,0.014766344
837,1.600911e-05
838,0.002711863
839,0.9984125
840,0.0021469002
841,0.0027619605
842,0.0018433026
843,0.9974911
844,0.9995246
845,0.99415106
846,0.7543971
847,0.00033825764
848,0.99970144
849,0.9980124
850,0.0019672029
851,0.9965162
852,0.9589157
853,0.99957186
854,0.0005340237
855,0.0017262273
856,0.09768069
857,1.0591242e-05
858,0.99855906
859,0.9961791
860,0.9731631
861,2.6992884e-05
862,0.99959165
863,0.0005849016
864,0.9897775
865,0.99975294
866,0.0021609801
867,0.0009849869
868,0.0011215335
869,0.9944748
870,0.010483453
871,0.0026525802
872,0.001925957
873,0.0003208383
874,0.0037163005
875,1.994863e-06
876,0.0020390565
877,0.0013049196
878,0.99905473
879,0.9993697
880,0.70551866
881,0.001234889
882,1.3069355e-05
883,0.753787
884,0.0003467684
885,0.9676055
886,0.99821967
887,0.0012510747
888,0.02445328
889,5.1838986e-05
890,0.9999037
891,0.74919194
892,0.06190228
893,0.9973941
894,0.00045714795
895,0.00019494844
896,0.0022499731
897,1.7349419e-05
898,7.111794e-05
899,0.99634016
900,0.2173272
901,0.99204844
902,0.0035088568
903,8.130314e-05
904,0.0007553771
905,0.0011541562
906,0.0007582389
907,0.00025582343
908,0.0004615852
909,0.00046065424
910,4.4676406e-05
911,0.00027860462
912,0.00022213432
913,0.9973086
914,0.99279493
915,0.6041193
916,7.5667012e-06
917,0.017403679
918,0.01603174
919,0.18626155
920,5.035817e-06
921,0.0029650764
922,0.823412
923,0.9872477
924,0.00014098942
925,0.024665229
926,3.1055653e-05
927,0.00015872574
928,0.5405945
929,0.0061516003
930,2.4388166e-05
931,0.0013629043
932,0.00088908145
933,0.2439615
934,0.9994223
935,0.9980787
936,7.467722e-06
937,0.99852115
938,0.062411617
939,0.996214
940,3.2006363e-05
941,0.008934954
942,0.0017288516
943,0.013871305
944,0.716314
945,0.001641476
946,0.0006855617
947,0.14038265
948,0.00033895104
949,0.99921465
950,0.0018283217
951,0.3729232
952,0.00093208003
953,0.0073078554
954,0.6686315
955,0.999228
956,8.823417e-06
957,0.0023886568
958,0.9486992
959,0.0006154986
960,0.00038640114
961,0.13938414
962,0.99968207
963,0.8202822
964,0.00400699
965,7.359207e-05
966,0.26604924
967,0.00093726994
968,8.856295e-05
969,0.98520285
970,0.000807105
971,0.00011425154
972,0.90749896
973,0.99827707
974,6.3779444e-06
975,0.29238492
976,0.0055948026
977,0.99419385
978,9.409729e-05
979,3.047731e-05
980,0.00034323146
981,0.00010863864
982,0.00036782128
983,0.0009056259
984,0.0009421544
985,0.0020973776
986,0.998156
987,5.404823e-05
988,0.9911479
989,0.2199896
990,0.997203
991,0.0008012537
992,0.9959103
993,7.907753e-05
994,9.802583e-05
995,0.009823829
996,0.9951073
997,1.1375868e-05
998,0.870361
999,0.0043198997
1000,0.00020821184
1001,0.8731383
1002,0.00025814786
1003,0.00023093745
1004,0.0009967164
1005,0.0003661159
1006,0.011934742
1007,0.982055
1008,0.9984723
1009,0.48733073
1010,0.000108143904
1011,0.010173121
1012,0.00067116664
1013,0.0001511443
1014,0.0010951951
1015,0.00014641853
1016,1.1361283e-05
1017,0.99942267
1018,0.9993018
1019,9.495429e-05
1020,0.0026699842
1021,2.326765e-05
1022,0.0012351674
1023,0.00013753501
1024,0.9998091
1025,0.00035786116
1026,0.0013815007
1027,0.00010099258
1028,0.0006068623
1029,0.41639414
1030,0.00049171195
1031,0.0017008922
1032,0.9991416
1033,0.21640158
1034,0.023652114
1035,0.0010718616
1036,0.029406989
1037,0.0008308202
1038,0.069903135
1039,0.0037896768
1040,0.0052706543
1041,7.581978e-05
1042,0.99958163
1043,0.00062235474
1044,0.00530719
1045,0.003351778
1046,0.14328913
1047,0.99823654
1048,0.02324673
1049,7.120813e-05
1050,0.9971022
1051,0.9991248
1052,0.0070183156
1053,0.9175813
1054,0.99770516
1055,0.00071617105
1056,0.3066994
1057,0.0006175251
1058,0.007066541
1059,0.8685851
1060,0.91142875
1061,0.93243235
1062,0.0010229293
1063,2.495465e-05
1064,0.36160442
1065,4.7998656e-05
1066,0.0022855466
1067,0.004174728
1068,0.99671847
1069,0.8233382
1070,0.02184599
1071,0.00016485859
1072,0.025935568
1073,0.0007617374
1074,0.0026092532
1075,2.3426615e-05
1076,0.99969125
1077,0.0012281889
1078,0.00037274987
1079,0.0010171764
1080,0.025804453
1081,0.9901725
1082,0.9546538
1083,0.11647416
1084,0.9984725
1085,0.00010727568
1086,1.709184e-05
1087,0.9791048
1088,0.0024023496
1089,0.0008302382
1090,0.00015452791
1091,0.99984944
1092,4.2826655e-06
1093,8.71088e-05
1094,0.00054102956
1095,0.0005859571
1096,0.0008277499
1097,0.9724927
1098,0.0010532187
1099,0.001787457
1100,0.0005218408
1101,0.047495097
1102,0.9892685
1103,0.087044746
1104,0.00070108246
1105,0.9971123
1106,0.0014920546
1107,0.9963749
1108,0.06994937
1109,0.00026121692
1110,0.94903356
1111,0.9938803
1112,0.999464
1113,0.9981818
1114,0.0015521205
1115,0.011354564
1116,0.007695821
1117,0.0029328049
1118,0.0010705399
1119,0.0001248529
1120,0.7517641
1121,0.097471066
1122,0.023367768
1123,0.18808638
1124,0.0006058388
1125,0.0011694236
1126,0.99758947
1127,0.9974831
1128,0.9813467
1129,0.0008120033
1130,0.0017112421
1131,0.9992138
1132,0.9986444
1133,0.03389249
1134,0.020867324
1135,0.13955796
1136,0.00019036586
1137,3.6701593e-05
1138,0.9956098
1139,0.14059405
1140,0.99908197
1141,0.99948955
1142,0.99807906
1143,0.96457094
1144,0.87845075
1145,2.9187606e-07
1146,0.998944
1147,0.99969256
1148,0.0002920241
1149,0.00035414175
1150,0.00837139
1151,0.99442226
1152,0.99988174
1153,0.9995091
1154,0.00020712255
1155,0.0009649198
1156,6.803811e-05
1157,0.004000556
1158,1.6095712e-05
1159,0.9943908
1160,0.0010894743
1161,0.50087893
1162,0.99940205
1163,0.0038168337
1164,0.08259904
1165,6.770403e-05
1166,0.9982918
1167,0.6086284
1168,0.000324285
1169,0.9925424
1170,8.293588e-06
1171,0.99953413
1172,0.0003574778
1173,0.99878615
1174,0.9986186
1175,0.9977781
1176,0.99933076
1177,0.9971323
1178,0.08624034
1179,0.99683595
1180,0.00010936202
1181,0.998516
1182,0.0016500516
1183,0.99607843
1184,0.0059312372
1185,3.0973613e-05
1186,7.531747e-05
1187,0.0001649893
1188,0.97651917
1189,0.29303163
1190,0.0016015791
1191,6.169647e-05
1192,0.99621683
1193,0.045226708
1194,0.99967206
1195,0.35890996
1196,0.0023500572
1197,0.9994142
1198,0.10766867
1199,0.9998642
1200,0.0064755306
1201,0.0010541029
1202,0.00029191808
1203,0.0008417394
1204,0.7401156
1205,0.00054354686
1206,0.9990802
1207,0.0049776924
1208,0.98828423
1209,0.9985605
1210,0.012947239
1211,7.84985e-05
1212,0.9991478
1213,0.0020685168
1214,0.028355248
1215,0.0015243725
1216,0.00027307906
1217,0.9981774
1218,0.003907284
1219,3.8747457e-05
1220,0.9991264
1221,0.9998147
1222,4.3826487e-05
1223,0.0013384839
1224,0.99620134
1225,0.9314793
1226,3.7807367e-05
1227,0.9986559
1228,0.9997787
1229,0.0005763705
1230,0.014985445
1231,0.9982048
1232,0.9998592
1233,6.267779e-05
1234,0.0065938174
1235,0.0038628592
1236,0.00035085846
1237,1.1722529e-05
1238,0.0014232729
1239,0.999376
1240,0.00012596237
1241,0.00018253118
1242,0.0067172474
1243,0.00011598064
1244,1.6911015e-05
1245,0.9993383
1246,0.0009984524
1247,0.12412367
1248,0.99928826
1249,0.79230165
1250,0.0009012406
1251,0.9990702
1252,0.4552856
1253,0.7563019
1254,0.0016262908
1255,0.005972292
1256,0.05322825
1257,0.018942922
1258,0.0007496054
1259,1.5153808e-05
1260,0.007206825
1261,0.9752667
1262,0.00012726024
1263,0.0009413086
1264,0.99496114
1265,0.999169
1266,0.9985507
1267,0.9996182
1268,0.0034340979
1269,0.49614674
1270,0.000149001
1271,0.000217381
1272,0.42798328
1273,0.0029124431
1274,0.99713
1275,0.5560635
1276,0.014135839
1277,0.28382358
1278,2.6868174e-05
1279,0.00023965626
1280,0.0006264986
1281,0.9988029
1282,0.9976666
1283,0.99981326
1284,3.5075456e-05
1285,0.9992161
1286,0.0009188011
1287,0.00046437822
1288,0.99934715
1289,7.389364e-05
1290,0.9997085
1291,0.0002742369
1292,0.0013787955
1293,0.014797309
1294,0.066084616
1295,4.1297717e-05
1296,0.0001814071
1297,0.88821554
1298,0.0006198267
1299,0.17208578
1300,0.058458768
1301,0.0015771413
1302,2.908639e-05
1303,0.999519
1304,0.0001235362
1305,0.00050617347
1306,0.00046249296
1307,0.052975744
1308,0.04404017
1309,2.6467005e-05
1310,0.03551846
1311,0.0014580078
1312,0.00059627224
1313,0.99853563
1314,0.00053294894
1315,0.00079597835
1316,0.00024882925
1317,0.0033944051
1318,0.9991059
1319,0.9990669
1320,0.9954964
1321,0.99937195
1322,0.0012086249
1323,0.0010380177
1324,0.9977976
1325,0.00020620278
1326,0.00092851504
1327,0.19856326
1328,0.3552199
1329,0.001295036
1330,0.0006248891
1331,9.288849e-05
1332,0.0020708835
1333,0.048554234
1334,0.97801286
1335,0.000297439
1336,0.00020244994
1337,0.003552894
1338,0.016713006
1339,0.9989373
1340,0.00039540842
1341,0.7772155
1342,0.06911751
1343,0.008374554
1344,0.6528262
1345,0.00065227743
1346,2.9531182e-05
1347,0.001164702
1348,0.0005026294
1349,0.00029527914
1350,0.99775827
1351,0.0023848352
1352,0.009742169
1353,0.9945209
1354,0.99905425
1355,0.00032379891
1356,0.9980591
1357,0.033992235
1358,0.92808557
1359,9.19552e-05
1360,0.03821927
1361,0.26402956
1362,0.0017443115
1363,0.009305424
1364,0.0038664115
1365,0.14592843
1366,0.9601021
1367,2.6939358e-06
1368,0.00092259
1369,0.00051565364
1370,0.9985832
1371,0.999124
1372,0.0007091453
1373,0.06125891
1374,0.87704945
1375,0.00044346138
1376,0.9996106
1377,0.9982387
1378,0.0052842665
1379,0.8540691
1380,0.91793114
1381,0.9937443
1382,0.5427584
1383,0.0016922778
1384,0.00019565236
1385,0.31600186
1386,0.80392987
1387,0.96988446
1388,0.5630268
1389,0.99601436
1390,0.0030718534
1391,6.160227e-05
1392,0.0005926175
1393,0.0012653604
1394,0.88288766
1395,0.9990663
1396,0.00012054322
1397,0.9996669
1398,0.9949662
1399,0.99648476
1400,0.99813914
1401,0.71146184
1402,0.97379285
1403,0.0005285702
1404,0.95355505
1405,0.35080385
1406,0.023410091
1407,1.2446947e-05
1408,0.00086990383
1409,1.2380649e-05
1410,0.9987758
1411,5.3126994e-05
1412,0.08176976
1413,0.0039609866
1414,0.032714263
1415,0.00030674765
1416,0.89034814
1417,0.99830085
1418,0.08713633
1419,0.0014371333
1420,0.0021769137
1421,0.0056418823
1422,0.00040841306
1423,0.004731799
1424,0.00056609476
1425,0.00010547548
1426,0.00020188374
1427,1.8209723e-05
1428,0.9999523
1429,0.9990746
1430,0.05975235
1431,0.9994293
1432,0.99928814
1433,2.445351e-05
1434,0.011322167
1435,0.0009306091
1436,0.9973404
1437,0.0013851229
1438,0.00064644765
1439,0.997719
1440,0.95174897
1441,0.06302031
1442,0.00930979
1443,0.99761754
1444,0.006155234
1445,0.0002410721
1446,0.0017796475
1447,0.0005573071
1448,0.0006518643
1449,0.0017672066
1450,0.00062065246
1451,8.8379566e-05
1452,0.08738309
1453,0.99952734
1454,1.3400731e-05
1455,0.9988514
1456,6.538741e-05
1457,0.039000392
1458,0.013636412
1459,0.045092415
1460,0.9298715
1461,0.0021928612
1462,0.4200136
1463,0.0015549788
1464,0.0010312417
1465,0.9998853
1466,0.99911386
1467,0.0012828978
1468,0.99851185
1469,7.68806e-06
1470,0.99931026
1471,0.0040933103
1472,0.026702145
1473,0.9982408
1474,0.002797058
1475,0.9845607
1476,0.98982716
1477,0.0005383802
1478,0.9936558
1479,0.9985512
1480,0.8503859
1481,0.009549867
1482,0.43339798
1483,0.05502796
1484,7.252312e-05
1485,2.023236e-06
1486,0.000511174
1487,0.001810412
1488,0.02385676
1489,0.9949934
1490,0.00045476248
1491,0.9976616
1492,0.99958843
1493,0.0002444831
1494,0.0022312568
1495,9.611421e-05
1496,0.00017989465
1497,0.99917346
1498,0.550798
1499,0.0010664094
1500,0.50083166
1501,0.00027166316
1502,0.99946624
1503,0.00045669565
1504,0.99992
1505,8.021855e-05
1506,0.08507761
1507,0.0013476909
1508,0.0028306243
1509,0.0017111046
1510,0.00087904965
1511,0.00046405077
1512,0.00042032657
1513,0.0004099879
1514,0.00031081217
1515,0.99071914
1516,0.99686784
1517,0.9988379
1518,0.00040350293
1519,0.99949145
1520,0.00028138544
1521,0.0574991
1522,0.30673486
1523,9.840337e-05
1524,0.00020364966
1525,0.83192927
1526,0.99738854
1527,0.9984518
1528,5.710248e-05
1529,0.001152137
1530,6.1998435e-05
1531,0.9961247
1532,0.006046942
1533,0.00068972755
1534,0.0024548306
1535,0.9000631
1536,0.0008160967
1537,0.0006099137
1538,0.0001400732
1539,0.0001634854
1540,0.0015298725
1541,0.9994281
1542,0.61229837
1543,0.0010362122
1544,0.016594429
1545,0.0037734346
1546,9.603753e-05
1547,7.7261946e-05
1548,0.9962482
1549,0.9976477
1550,0.9993167
1551,0.9808703
1552,5.2318697e-05
1553,0.9993592
1554,0.0067753512
1555,0.9851757
1556,0.00011725237
1557,9.034531e-07
1558,0.00037535623
1559,0.00077279715
1560,0.017589422
1561,0.00037380785
1562,0.0017089271
1563,9.45421e-05
1564,1.196263e-05
1565,0.99274266
1566,0.026946122
1567,0.00043862627
1568,0.99969995
1569,1.0081409e-05
1570,0.00401648
1571,0.0004351902
1572,0.0042413967
1573,0.99885595
1574,0.0012897032
1575,0.99855775
1576,0.9933281
1577,1.12701655e-05
1578,0.07736064
1579,0.98213714
1580,0.0016696507
1581,1.4408596e-05
1582,0.089796
1583,0.84593433
1584,0.00027137436
1585,0.9270429
1586,0.0040930007
1587,0.9997781
1588,0.99827945
1589,0.0023916466
1590,1.0146359e-05
1591,0.0034126772
1592,0.0009295747
1593,0.00027029507
1594,0.0017523343
1595,0.004168756
1596,6.039039e-06
1597,0.0012450258
1598,0.00016490962
1599,0.0034043198
1600,0.010660634
1601,0.0004566873
1602,2.3675593e-05
1603,0.0021638565
1604,0.0025153726
1605,0.013670022
1606,0.9792458
1607,0.38585478
1608,0.22143607
1609,0.9924867
1610,0.99223197
1611,7.221163e-05
1612,0.1763485
1613,0.0013238043
1614,9.044799e-05
1615,0.0049525457
1616,0.93320554
1617,0.0002571526
1618,0.9999182
1619,1.5015345e-05
1620,0.99972063
1621,0.989656
1622,0.0008811233
1623,0.7809622
1624,0.46889687
1625,0.99837875
1626,0.999097
1627,0.005157423
1628,0.88226146
1629,0.011736598
1630,0.00051438814
1631,0.99760133
1632,6.481007e-05
1633,0.9964535
1634,0.99151015
1635,0.997995
1636,0.0028951534
1637,0.0014112822
1638,0.004062794
1639,3.852609e-05
1640,7.9605736e-05
1641,0.005517721
1642,0.0029309397
1643,0.99871457
1644,0.0011127552
1645,0.9991874
1646,0.0021290723
1647,0.0013694246
1648,0.0005058702
1649,0.0018873509
1650,9.1866015e-05
1651,0.0425285
1652,0.0024165073
1653,0.0010175377
1654,0.38237706
1655,0.0026673134
1656,0.9966324
1657,0.00011833611
1658,0.0020825434
1659,2.525579e-05
1660,0.8623121
1661,5.8696984e-05
1662,0.00013458561
1663,0.30169395
1664,0.9342464
1665,0.99969125
1666,0.0008510523
1667,0.9507717
1668,9.453026e-05
1669,0.0005180532
1670,0.00033723234
1671,0.8668826
1672,0.00015303923
1673,2.428478e-05
1674,0.087322466
1675,0.0039776787
1676,0.00030432802
1677,0.00024348029
1678,0.9992453
1679,0.15547875
1680,0.031581163
1681,0.39756766
1682,0.0032839845
1683,0.0007569187
1684,0.998422
1685,0.04040571
1686,0.76928604
1687,0.009129571
1688,0.99936014
1689,0.76959753
1690,4.0526225e-05
1691,0.9982754
1692,6.187285e-06
1693,0.00047547027
1694,0.9995148
1695,0.0004308123
1696,0.9991684
1697,0.029255098
1698,0.9982893
1699,0.99966943
1700,0.0011629176
1701,0.0002323521
1702,0.18233377
1703,0.9826136
1704,0.9968874
1705,0.0010018569
1706,0.0009784314
1707,2.71675e-06
1708,0.99822336
1709,2.9005403e-05
1710,6.034698e-05
1711,0.0023967654
1712,0.0002740054
1713,0.001994925
1714,2.7651113e-05
1715,4.185489e-05
1716,0.08450408
1717,0.0013507837
1718,0.00071590714
1719,0.5724196
1720,0.0005243217
1721,0.0023911132
1722,1.2443469e-05
1723,0.16687249
1724,0.00056877977
1725,0.00010792012
1726,0.0007943834
1727,0.0009751435
1728,0.00037816554
1729,0.056438148
1730,0.00025835063
1731,0.00067877636
1732,0.0027329256
1733,0.0008747808
1734,0.00022213544
1735,0.39739522
1736,0.00013711705
1737,0.49822965
1738,0.99849963
1739,3.4352634e-05
1740,0.9773348
1741,0.006618704
1742,0.0025409427
1743,0.0003431954
1744,0.97877866
1745,0.99835265
1746,0.05306701
1747,1.2639378e-05
1748,0.998847
1749,0.4128254
1750,0.99116045
1751,0.021267993
1752,0.97121924
1753,0.0009771205
1754,0.998898
1755,0.8274585
1756,4.874206e-05
1757,0.9299214
1758,0.040868565
1759,0.9992291
1760,0.9971283
1761,0.9977342
1762,0.48358196
1763,0.0007009972
1764,0.054494027
1765,0.018586133
1766,9.210371e-05
1767,0.9959021
1768,0.9975211
1769,0.9970505
1770,0.00022466185
1771,0.26610237
1772,0.9993414
1773,0.11770895
1774,1.5547885e-05
1775,9.105333e-05
1776,0.9942352
1777,0.23431471
1778,0.03250219
1779,0.99151975
1780,0.9993949
1781,7.352072e-05
1782,0.98358893
1783,0.8552715
1784,0.00015462874
1785,0.00875734
1786,0.0027859316
1787,0.97916186
1788,0.9990513
1789,1.5917838e-05
1790,0.9988887
1791,0.00022914955
1792,0.99847823
1793,8.566168e-05
1794,0.00034983258
1795,0.057744574
1796,0.99972636
1797,2.1163044e-06
1798,0.999665
1799,0.0011334625
1800,0.03347131
1801,0.50917476
1802,0.999936
1803,0.99947625
1804,0.013441093
1805,5.4303622e-05
1806,0.0004475793
1807,1.9742294e-05
1808,0.99962234
1809,0.0008840468
1810,0.0008777985
1811,0.0009804236
1812,0.9973347
1813,0.9991197
1814,0.0052958173
1815,0.00090737
1816,9.553966e-05
1817,6.0220194e-05
1818,0.9895293
1819,0.9959745
1820,1.0368841e-06
1821,0.0011215609
1822,0.9995092
1823,0.9967384
1824,4.5700588e-05
1825,0.00022811173
1826,0.00011069886
1827,0.023550872
1828,0.14703122
1829,0.9891003
1830,0.3039144
1831,0.0016422493
1832,0.00010427896
1833,0.99929225
1834,0.00035578993
1835,0.05193637
1836,0.9492264
1837,0.9992236
1838,0.99890125
1839,0.029255098
1840,0.3588211
1841,0.00074570015
1842,0.0009074594
1843,0.96705025
1844,0.99514705
1845,0.0007896657
1846,0.0007760223
1847,0.9786493
1848,0.00049641146
1849,0.0007544472
1850,0.00011466026
1851,0.9982986
1852,0.9617723
1853,0.9670173
1854,0.1367689
1855,0.0008857104
1856,0.001712037
1857,0.012228799
1858,1.038119e-05
1859,0.0038282787
1860,0.013636283
1861,0.9731645
1862,0.0012015845
1863,0.000111312904
1864,0.0014244729
1865,0.0005599255
1866,0.00037475405
1867,0.001749806
1868,0.9978131
1869,0.009093386
1870,0.9995203
1871,0.000506235
1872,0.00046849268
1873,0.60963196
1874,0.0006384798
1875,7.064357e-07
1876,0.0007683403
1877,0.98302025
1878,0.0009542207
1879,0.1651997
1880,1.0015124e-05
1881,9.6159834e-05
1882,0.6672946
1883,0.9779522
1884,1.8058392e-05
1885,0.00040730828
1886,0.9989612
1887,0.00041302358
1888,0.00076630875
1889,0.00022498694
1890,0.011032483
1891,0.9917265
1892,0.4276521
1893,0.9990539
1894,0.99885285
1895,0.0032592523
1896,0.00075037434
1897,0.48554587
1898,0.3745773
1899,0.097362906
1900,0.99973017
1901,0.002844849
1902,0.004187916
1903,0.99849343
1904,0.00022532669
1905,0.00017653937
1906,0.54267853
1907,8.075994e-06
1908,1.4214863e-05
1909,0.9995617
1910,0.999524
1911,0.0012955939
1912,0.9654349
1913,0.0001724849
1914,0.00034724912
1915,0.002046262
1916,3.2641194e-05
1917,0.00013968536
1918,0.06472637
1919,0.99985373
1920,0.8894483
1921,0.0020634562
1922,0.0012393959
1923,0.46465173
1924,0.0007659409
1925,0.011527968
1926,0.72339475
1927,0.0010481589
1928,0.0016187094
1929,0.9950439
1930,0.00061939884
1931,0.0029589052
1932,0.000795307
1933,0.9972676
1934,0.9576976
1935,0.95892054
1936,0.00011236165
1937,0.32306957
1938,0.08599811
1939,2.6667067e-05
1940,0.9975339
1941,0.0002292914
1942,0.99905306
1943,0.00020722445
1944,0.96648484
1945,0.0049391664
1946,0.00088622456
1947,0.9988588
1948,0.00036124507
1949,0.000955998
1950,6.414962e-05
1951,0.000519101
1952,0.99747604
1953,0.7882109
1954,0.0016549237
1955,0.3376647
1956,0.7104698
1957,0.99964535
1958,0.9989906
1959,0.0004889841
1960,0.9939838
1961,0.999126
1962,0.00025540128
1963,0.99949884
1964,0.9995975
1965,0.999605
1966,0.99844676
1967,0.10646319
1968,0.51561147
1969,0.00074241805
1970,0.0013405741
1971,0.9992349
1972,0.0002144531
1973,1.3917844e-06
1974,0.00031533025
1975,0.2759443
1976,0.0009890177
1977,0.99939084
1978,0.0012839759
1979,0.9985858
1980,0.03036308
1981,0.0014225619
1982,0.001053771
1983,0.00063240103
1984,0.0009230181
1985,0.00020003237
1986,2.9890412e-05
1987,0.0001807095
1988,0.00041689406
1989,0.001233208
1990,0.008809582
1991,0.0011844339
1992,0.97014993
1993,0.00036042815
1994,0.000512267
1995,0.9979697
1996,7.16088e-05
1997,0.00060354953
1998,0.0006991604
1999,0.9987565
2000,0.00031328812
2001,0.99495053
2002,0.98997736
2003,1.9222463e-05
2004,0.97162366
2005,1.64093e-05
2006,0.99741733
2007,0.0006064586
2008,0.0012102479
2009,0.00042932233
2010,0.00045991593
2011,0.0005859571
2012,0.04158766
2013,0.0002590092
2014,0.9996493
2015,0.00014239806
2016,0.0005568322
2017,0.8016961
2018,0.9539818
2019,0.097159274
2020,0.07048293
2021,0.009596419
2022,0.9968406
2023,0.55827105
2024,0.7198276
2025,0.0028199423
2026,0.0110240355
2027,0.0003538782
2028,0.0061264285
2029,0.00025868142
2030,0.31952584
2031,0.00014820872
2032,0.99659806
2033,0.99967384
2034,0.0015630207
2035,0.99972457
2036,0.008797917
2037,0.9986506
2038,0.98702115
2039,0.00023010412
2040,0.00024348077
2041,0.16713712
2042,0.00084153604
2043,0.9991203
2044,0.9996068
2045,0.0007176619
2046,0.00012005187
2047,0.10508079
2048,0.00011866703
2049,0.6766092
2050,0.0005531227
2051,0.9598198
2052,0.04423718
2053,0.00025658146
2054,0.0163726
2055,0.0039019422
2056,8.18457e-05
2057,0.00018857411
2058,0.008095899
2059,0.045672603
2060,0.0043088817
2061,0.99978405
2062,0.0015340421
2063,0.998357
2064,0.99913687
2065,0.002529823
2066,0.65890723
2067,0.00022943331
2068,0.0021471
2069,0.0028395664
2070,0.63238555
2071,0.37560913
2072,0.9984225
2073,0.9992545
2074,0.99571735
2075,0.00031053895
2076,0.029749414
2077,1.966103e-05
2078,0.9994615
2079,0.8261055
2080,0.99947923
2081,0.022747185
2082,0.0014724631
2083,5.8184567e-05
2084,0.26793477
2085,0.0003842507
2086,0.00030500325
2087,0.057289977
2088,0.0038720183
2089,0.0010693845
2090,0.01517077
2091,0.0005037701
2092,0.99899215
2093,0.36178872
2094,0.11028606
2095,0.20453721
2096,0.0021476608
2097,0.9954888
2098,0.99395365
2099,0.020226955
2100,0.7186946
2101,0.99928856
2102,0.0005472601
2103,0.9988716
2104,0.00011369643
2105,0.00059772615
2106,0.0017727735
2107,0.156725
2108,0.9998072
2109,0.66377324
2110,0.034576427
2111,0.99863017
2112,0.99607
2113,0.09397168
2114,0.99792564
2115,0.017690072
2116,0.0012423433
2117,0.00022641869
2118,4.176301e-05
2119,0.0003004976
2120,0.99332905
2121,0.99969065
2122,0.0034380003
2123,0.06057821
2124,0.00050692505
2125,0.00016088724
2126,0.9932073
2127,0.00033257777
2128,0.99722916
2129,0.0042977524
2130,0.99872017
2131,0.0013440559
2132,0.99935585
2133,0.0010591194
2134,0.0014112007
2135,0.99934286
2136,2.8945526e-05
2137,0.99947625
2138,0.9993237
2139,3.1477914e-05
2140,0.004723444
2141,0.0042357678
2142,1.3746039e-05
2143,0.99883515
2144,0.0012720318
2145,0.0002788763
2146,0.00019373132
2147,0.00012374576
2148,0.0002475165
2149,0.68461907
2150,0.98638237
2151,0.9990883
2152,0.00011053221
2153,8.3262414e-05
2154,0.999468
2155,0.0010090505
2156,0.0003264887
2157,0.9989299
2158,0.16179055
2159,0.010423506
2160,0.28605467
2161,0.6719797
2162,0.0014164741
2163,1.9428684e-05
2164,0.9967686
2165,0.9888525
2166,1.35437185e-05
2167,0.0018303326
2168,0.9727289
2169,0.20966165
2170,0.09520723
2171,0.99813336
2172,0.0016370043
2173,0.23274578
2174,0.9991704
2175,0.00048046402
2176,1.2893444e-06
2177,0.0005766273
2178,0.012240654
2179,0.00017573262
2180,0.00030650146
2181,0.00015440777
2182,2.5230866e-05
2183,0.9991487
2184,0.99964356
2185,0.00060746504
2186,0.99863726
2187,0.001132815
2188,0.0014347091
2189,0.99834
2190,0.00016988542
2191,0.0007578611
2192,0.999
2193,0.00046694477
2194,0.4443291
2195,0.00032249093
2196,0.002666364
2197,0.99829835
2198,0.5341175
2199,0.00035735464
2200,0.00059245276
2201,0.0003835538
2202,0.9236391
2203,0.9840936
2204,0.000105228675
2205,0.9996252
2206,3.8788644e-06
2207,0.99849176
2208,5.880558e-06
2209,0.0055503245
2210,0.0012416603
2211,0.99874437
2212,0.0016936479
2213,0.41233262
2214,0.745806
2215,0.0007508462
2216,0.038108222
2217,0.67015344
2218,0.5586318
2219,0.003314342
2220,0.24039865
2221,0.9983334
2222,0.00042480286
2223,0.0011759943
2224,0.0006239998
2225,2.0414742e-05
2226,3.0340296e-05
2227,0.9973285
2228,0.9994517
2229,0.8474347
2230,0.78498596
2231,0.9995741
2232,0.00054910354
2233,0.13421312
2234,0.9948442
2235,0.027239218
2236,0.99826175
2237,0.00068165537
2238,0.007452327
2239,0.95223767
2240,0.0010020173
2241,0.9986725
2242,0.99885476
2243,0.04549263
2244,0.00054009265
2245,0.0026653656
2246,0.0038190538
2247,0.11824503
2248,0.03519533
2249,0.9959514
2250,0.97190386
2251,5.2049686e-06
2252,0.99867946
2253,0.9989182
2254,0.99415106
2255,0.039907303
2256,0.00166005
2257,0.0034227597
2258,0.0007103407
2259,0.0014226343
2260,0.0011909214
2261,0.0005990191
2262,0.020219712
2263,0.00082918874
2264,0.88247275
2265,0.0025505053
2266,0.01078035
2267,0.999049
2268,0.44574782
2269,0.9995277
2270,0.00055193435
2271,7.4903335e-05
2272,0.486603
2273,0.99952114
2274,0.00044661982
2275,0.4008926
2276,0.000875117
2277,0.99873966
2278,0.0023456009
2279,0.9378341
2280,0.99879456
2281,0.00012667556
2282,0.3417346
2283,0.00013884241
2284,0.0025073723
2285,0.9931933
2286,0.06689112
2287,0.98679394
2288,0.12243228
2289,0.0021207116
2290,0.27728346
2291,0.0008177678
2292,0.9996507
2293,0.35095733
2294,0.00017010195
2295,0.00028785644
2296,0.001062087
2297,0.000109750006
2298,0.004061668
2299,0.9867735
2300,0.9986827
2301,0.99960274
2302,0.00045891147
2303,0.6283034
2304,8.7292814e-05
2305,5.754498e-05
2306,0.00040087427
2307,0.4951986
2308,0.0010990913
2309,0.00014217586
2310,0.9997341
2311,0.9994973
2312,0.0003896333
2313,0.00012439517
2314,0.00017548956
2315,2.876328e-06
2316,0.00025778197
2317,0.99906856
2318,0.999622
2319,0.0011950462
2320,0.9981725
2321,0.9965947
2322,0.26993692
2323,0.003082904
2324,0.00017069114
2325,0.0014716294
2326,7.800922e-05
2327,0.33225894
2328,0.0101021165
2329,8.70236e-05
2330,5.1253628e-05
2331,0.00014075112
2332,0.00044041433
2333,0.008241709
2334,9.226365e-05
2335,0.9976006
2336,0.0016270793
2337,0.99948716
2338,0.8835621
2339,0.009613326
2340,0.00040502223
2341,0.00015641723
2342,0.00030144647
2343,0.0026041428
2344,0.018579142
2345,0.9954057
2346,0.99929833
2347,0.50917476
2348,0.00019294475
2349,0.004319678
2350,0.00013896124
2351,0.0019766318
2352,0.00039241035
2353,0.00069048285
2354,0.0023305656
2355,0.0013612844
2356,0.9965894
2357,0.000596677
2358,0.78089875
2359,0.9992716
2360,0.36719683
2361,0.0026764278
2362,0.003937491
2363,0.00012387788
2364,0.0011221286
2365,0.00039083988
2366,0.08418614
2367,0.00038905707
2368,0.90311074
2369,0.9989613
2370,0.99560153
2371,0.0029607739
2372,0.0005021438
2373,7.695603e-06
2374,0.0019061896
2375,5.99599e-06
2376,0.0004298926
2377,0.0011431901
2378,0.00015091569
2379,0.95932287
2380,0.00029452395
2381,0.0005895259
2382,0.9708298
2383,0.999589
2384,0.9976962
2385,0.00027104438
2386,0.9995128
2387,0.00051601644
2388,0.002266627
2389,4.2883596e-05
2390,0.9975057
2391,0.0060882587
2392,6.125765e-05
2393,0.44187912
2394,0.9993957
2395,9.028732e-05
2396,0.0001566347
2397,0.00010867611
2398,0.084005356
2399,0.9989673
2400,0.003937038
2401,0.00066270516
2402,0.00031709182
2403,0.00499423
2404,0.9991898
2405,0.0027430851
2406,0.023191942
2407,0.50079966
2408,0.93729264
2409,0.93196183
2410,0.7476635
2411,0.001294302
2412,0.71854806
2413,0.9918641
2414,0.0030085144
2415,0.9982963
2416,0.008356878
2417,0.73181385
2418,0.9967244
2419,0.0010945916
2420,0.00093683664
2421,0.0005956877
2422,8.1517326e-05
2423,0.0019677116
2424,0.014954803
2425,0.0007258223
2426,0.0020097173
2427,0.9996573
2428,0.00048506176
2429,0.5478527
2430,0.99923456
2431,0.000666602
2432,0.00034145688
2433,0.002433719
2434,0.020049904
2435,3.8298167e-05
2436,0.0012307718
2437,9.353803e-05
2438,0.9992118
2439,0.00030102525
2440,0.020572465
2441,0.27798852
2442,0.0049497103
2443,0.997544
2444,0.0008850827
2445,0.9998808
2446,7.432306e-06
2447,0.00011471905
2448,0.90400535
2449,0.00026600124
2450,0.00010134436
2451,0.00066948956
2452,0.99407476
2453,0.53658426
2454,0.01745852
2455,0.7698749
2456,0.1075005
2457,0.00019228726
2458,3.4042267e-05
2459,0.0007053374
2460,0.4984043
2461,0.0008796489
2462,0.00032677542
2463,0.0003540465
2464,0.95753634
2465,2.950308e-05
2466,0.84331477
2467,0.9711435
2468,0.97260386
2469,6.2731684e-05
2470,0.9932458
2471,6.447352e-05
2472,0.00018363856
2473,0.99065757
2474,3.6336958e-05
2475,0.9989354
2476,0.00052243867
2477,0.99536633
2478,0.0028760897
2479,1.0202612e-05
2480,6.1580436e-06
2481,0.00017100516
2482,0.0008202088
2483,0.8845606
2484,0.0009246822
2485,0.028765885
2486,0.99742305
2487,0.00023053061
2488,0.044809744
2489,0.9984933
2490,0.9987921
2491,0.0001741079
2492,0.9959557
2493,0.00068209175
2494,0.00044233463
2495,0.053273294
2496,0.005197335
2497,0.99901533
2498,0.00014677066
2499,0.00022281647
2500,0.008089673
2501,0.00041851803
2502,5.129101e-05
2503,0.076283745
2504,0.0005859571
2505,0.9987186
2506,0.00017918648
2507,0.7994343
2508,0.99928826
2509,0.019065386
2510,0.99936885
2511,0.00051248947
2512,0.99884593
2513,0.99977237
2514,0.99818605
2515,3.9388593e-05
2516,2.418697e-05
2517,0.25525782
2518,0.8053367
2519,0.0009128419
2520,6.0714006e-05
2521,0.0001270783
2522,0.0121959
2523,0.9995055
2524,0.0010574817
2525,0.0017634254
2526,0.44513568
2527,0.30459082
2528,0.00015973288
2529,0.00012638228
2530,0.00027627763
2531,0.000510188
2532,0.00046581012
2533,0.99634993
2534,0.99919695
2535,0.0015875832
2536,0.00032524506
2537,0.00052632997
2538,0.0015933904
2539,0.08738988
2540,0.00031902318
2541,0.0004967095
2542,0.014167612
2543,0.9505612
2544,0.052721273
2545,0.043325335
2546,0.9990915
2547,0.9994822
2548,2.1252834e-05
2549,0.7052217
2550,0.023933934
2551,0.00082697003
2552,0.0005169633
2553,0.9990852
2554,0.0032314283
2555,4.7446993e-06
2556,0.29393217
2557,0.0002088455
2558,0.0048079113
2559,0.01668574
2560,0.003316442
2561,0.002234735
2562,0.0001635055
2563,0.0003893167
2564,0.9930987
2565,0.0001421204
2566,0.4951986
2567,1.4955725e-05
2568,0.0035981364
2569,0.00022457584
2570,0.9915678
2571,2.339346e-06
2572,0.99704844
2573,0.0049576405
2574,0.13535005
2575,0.00014872478
2576,0.00021377466
2577,0.0014282224
2578,0.9834067
2579,0.0029252027
2580,0.9981865
2581,0.00017178936
2582,0.0022858877
2583,0.99604034
2584,1.8870112e-05
2585,0.0009021501
2586,0.9992865
2587,0.34181696
2588,0.025617294
2589,4.6142835e-05
2590,7.45666e-05
2591,0.00036691752
2592,0.9984079
2593,0.7741627
2594,0.57590187
2595,0.00015942048
2596,5.7921286e-05
2597,0.0021410345
2598,0.0033662752
2599,0.0021417467
2600,0.0010529968
2601,0.88728726
2602,9.176379e-05
2603,0.02426321
2604,0.0011306868
2605,0.27938694
2606,3.5304708e-06
2607,0.99831736
2608,0.00014978994
2609,8.389844e-06
2610,7.3260686e-05
2611,0.9990582
2612,0.13646662
2613,0.9988746
2614,0.9990068
2615,0.00030223766
2616,0.0055382485
2617,0.051463407
2618,0.9995376
2619,0.9945305
2620,3.736753e-05
2621,0.5502628
2622,0.00028217712
2623,0.9998815
2624,0.9990477
2625,0.0041730218
2626,6.5003704e-05
2627,0.0011160271
2628,0.002752892
2629,0.9994242
2630,0.00085835054
2631,0.0052527655
2632,0.0021702573
2633,0.00017297926
2634,0.999595
2635,0.0011318572
2636,0.0029464737
2637,0.0004891312
2638,0.0013169444
2639,0.50917476
2640,0.9997756
2641,0.47645062
2642,0.99927026
2643,0.00051885465
2644,0.0068968246
2645,0.9990483
2646,0.9992391
2647,0.0010265894
2648,0.00017203556
2649,0.95605683
2650,0.92553645
2651,0.002632356
2652,0.9989617
2653,0.0005648413
2654,0.9694564
2655,0.0032852925
2656,0.0021095623
2657,0.00010399049
2658,0.8847911
2659,0.00026580662
2660,0.0027467618
2661,6.6477594e-05
2662,0.04912511
2663,0.0005594188
2664,0.016294103
2665,0.022396065
2666,0.0001311096
2667,8.445873e-05
2668,0.752427
2669,0.9993137
2670,0.00022419509
2671,0.0018067241
2672,0.012616126
2673,0.13211621
2674,0.02073896
2675,0.0034399123
2676,0.998831
2677,0.9986198
2678,0.0035974144
2679,0.9977557
2680,0.001072652
2681,0.84593433
2682,0.00039497775
2683,0.0037705468
2684,6.989069e-05
2685,0.0002391726
2686,0.999158
2687,0.99215126
2688,0.42806268
2689,0.085487865
2690,0.9930146
2691,0.0022104818
2692,0.0034344015
2693,0.0004540589
2694,0.00015383102
2695,0.053853948
2696,0.9810158
2697,0.9996685
2698,0.001964066
2699,3.248781e-05
2700,0.00042225237
2701,0.99851936
2702,0.99974066
2703,0.99425197
2704,0.021666227
2705,0.00017124781
2706,0.99893135
2707,0.005715275
2708,0.0006772643
2709,9.9525416e-05
2710,0.01137991
2711,3.024027e-06
2712,0.77048826
2713,0.4571857
2714,0.0014210892
2715,0.9839024
2716,0.00015896652
2717,0.21001782
2718,0.00014041013
2719,0.27921712
2720,2.4000854e-05
2721,0.0035948048
2722,0.006101738
2723,0.001577312
2724,0.5101039
2725,0.0005614284
2726,0.70125186
2727,0.9996427
2728,0.009067419
2729,0.9989466
2730,0.68949
2731,0.9762319
2732,0.9992162
2733,0.99260783
2734,0.014783248
2735,5.5206718e-05
2736,0.87828785
2737,0.92962223
2738,0.00035844804
2739,0.93182904
2740,0.9977196
2741,0.00087474636
2742,0.440237
2743,2.0332467e-05
2744,0.009411642
2745,0.9994036
2746,0.9179508
2747,0.0007580968
2748,0.00025498014
2749,0.11431571
2750,0.9997198
2751,2.067509e-05
2752,0.0006120546
2753,0.00019187537
2754,0.40293097
2755,0.8093593
2756,0.92791176
2757,0.9969824
2758,0.37192073
2759,0.0011445727
2760,3.6273505e-05
2761,0.00024990173
2762,0.99705267
2763,0.0022994138
2764,0.0024320476
2765,0.000109625915
2766,0.0009917069
2767,1.3943176e-05
2768,0.9309749
2769,5.9961876e-06
2770,0.00048184028
2771,0.00038719343
2772,0.0045230044
2773,0.06591647
2774,1.8953588e-05
2775,9.00304e-06
2776,0.0011526115
2777,0.9930836
2778,0.00085519825
2779,0.001885877
2780,0.9972365
2781,0.9959759
2782,9.381597e-05
2783,0.99978703
2784,0.00019456692
2785,0.99047244
2786,0.0028685487
2787,0.989057
2788,0.00017829925
2789,0.037093256
2790,0.0006084316
2791,0.00016348396
2792,0.9993007
2793,0.9997614
2794,0.998147
2795,0.97307295
2796,0.0010880183
2797,0.00038013715
2798,0.84122837
2799,2.6844033e-05
2800,0.00041755632
2801,0.0003799982
2802,0.10798461
2803,7.963875e-05
2804,0.999908
2805,0.9950211
2806,1.1729416e-05
2807,6.935776e-05
2808,0.00056651665
2809,0.00044954263
2810,0.004035114
2811,0.00036129932
2812,0.0030686536
2813,0.00020935202
2814,0.0008278414
2815,5.4374304e-05
2816,0.608815
2817,0.96784514
2818,0.061299555
2819,2.0146492e-05
2820,0.0006280197
2821,0.9979899
2822,0.0007413834
2823,0.00030723528
2824,0.99971277
2825,0.009167665
2826,0.9964964
2827,0.118252024
2828,0.00022210463
2829,0.94775254
2830,1.494895e-05
2831,0.18724763
2832,0.4507451
2833,0.0021119078
2834,0.00499313
2835,0.00057217805
2836,0.098793834
2837,0.0046664374
2838,0.00065208314
2839,3.3146294e-05
2840,0.0011617118
2841,0.026560143
2842,3.930977e-05
2843,0.00026305273
2844,0.99871945
2845,0.00077900634
2846,0.0014504554
2847,3.1291274e-05
2848,0.0007644911
2849,0.676488
2850,2.6483203e-05
2851,0.7963719
2852,0.0008629753
2853,0.00050085736
2854,0.00027856647
2855,0.48560768
2856,0.0009900824
2857,1.2032302e-05
2858,0.95878756
2859,6.962861e-06
2860,0.00030068256
2861,0.00029713273
2862,0.1662147
2863,0.012671734
2864,0.84647673
2865,0.001696841
2866,1.2626217e-05
2867,0.00018800628
2868,0.0021828662
2869,8.033568e-05
2870,0.9996209
2871,1.4671398e-05
2872,0.98042727
2873,0.9986468
2874,0.5905273
2875,0.002313965
2876,0.0032309564
2877,0.06413573
2878,0.0030209369
2879,0.98330355
2880,0.23918577
2881,0.005732672
2882,0.9985084
2883,0.11866773
2884,0.0029885808
2885,0.0008459623
2886,0.9996413
2887,0.01771408
2888,0.43700337
2889,0.99933606
2890,0.0003643467
2891,0.47162104
2892,0.14397827
2893,0.5358288
2894,0.0003568029
2895,0.000984029
2896,0.0004898177
2897,0.9985916
2898,0.011408077
2899,0.9883577
2900,0.002229845
2901,6.870616e-06
2902,0.001904923
2903,0.98550874
2904,0.9942416
2905,0.9839654
2906,0.9992217
2907,0.0023414528
2908,0.00013912625
2909,0.00010591411
2910,0.99412775
2911,0.0007767534
2912,0.016243745
2913,1.41541095e-05
2914,0.99921083
2915,0.42646363
2916,0.99295044
2917,0.008251319
2918,0.00033482735
2919,0.027664524
2920,0.00032374923
2921,0.7389265
2922,0.86893195
2923,0.000908336
2924,0.0017782664
2925,0.00028476893
2926,0.00015087971
2927,0.00996078
2928,0.0072203586
2929,0.00017746312
2930,0.26572403
2931,0.0021741234
2932,1.2292881e-05
2933,4.0612656e-05
2934,0.050447095
2935,0.0012122563
2936,0.8830409
2937,0.99225605
2938,0.9972373
2939,0.99936444
2940,0.6166635
2941,0.99770325
2942,0.97125643
2943,0.0001333528
2944,0.014144046
2945,0.094331004
2946,0.0005315053
2947,0.00013711705
2948,0.0018363117
2949,0.04467279
2950,0.00056310516
2951,0.0016588917
2952,0.9993286
2953,0.00011921811
2954,0.9971571
2955,0.00041984316
2956,0.07300466
2957,0.00064445287
2958,0.019767243
2959,0.013712045
2960,0.0005627943
2961,0.0006456292
2962,0.9978405
2963,0.000604004
2964,0.9969631
2965,0.9973636
2966,0.00080003805
2967,0.0003810269
2968,0.00028920372
2969,8.239536e-06
2970,0.0003299195
2971,0.00038267052
2972,0.9975496
2973,0.00074192724
2974,0.3277416
2975,0.99971956
2976,0.872986
2977,0.99861467
2978,0.5991046
2979,0.051134743
2980,0.9954586
2981,0.0008420665
2982,2.2810967e-05
2983,0.0001207702
2984,0.99963915
2985,0.0008789909
2986,0.0011316829
2987,0.99697936
2988,0.00031656117
2989,0.00012712271
2990,0.00017507975
2991,0.9996216
2992,0.31091586
2993,0.98750407
2994,0.010468559
2995,0.0008349114
2996,0.99944323
2997,0.00017886417
2998,0.0015695093
2999,0.9984542
3000,0.00025577904
3001,0.05896991
3002,0.9973858
3003,2.8510613e-05
3004,4.1985124e-05
3005,5.5979912e-05
3006,0.00018092056
3007,0.0002143798
3008,0.97746754
3009,0.009165729
3010,2.6073032e-05
3011,0.00018911106
3012,0.00030903635
3013,1.6060658e-05
3014,0.00033123084
3015,3.2344593e-05
3016,0.9993548
3017,0.00015258357
3018,0.6497701
3019,0.00011691228
3020,0.996557
3021,0.0013852543
3022,1.5903735e-05
3023,0.54903656
3024,0.001237394
3025,0.9996619
3026,0.0002552824
3027,0.0011204015
3028,0.9938506
3029,2.1861499e-05
3030,0.002927775
3031,0.00012504935
3032,0.014541903
3033,0.000115708724
3034,0.9938153
3035,0.99992764
3036,0.00040767243
3037,0.99513227
3038,0.2989309
3039,0.3613192
3040,6.396816e-05
3041,0.0013385152
3042,0.9827792
3043,0.99911946
3044,0.30237675
3045,0.0005727935
3046,0.004693109
3047,0.50029725
3048,0.9703725
3049,0.98514044
3050,0.00023940786
3051,0.005327994
3052,2.4576146e-05
3053,0.013773387
3054,0.010287273
3055,0.0001502411
3056,0.8669696
3057,0.00013711705
3058,0.0081425775
3059,0.9964259
3060,0.0071546887
3061,0.0009170899
3062,0.9979867
3063,8.937135e-05
3064,0.002411023
3065,0.9997341
3066,0.9958103
3067,0.9988501
3068,0.9994734
3069,0.09102868
3070,0.0010516215
3071,0.0011170818
3072,4.134947e-05
3073,0.00042278646
3074,0.8691798
3075,0.09735784
3076,0.18237065
3077,0.059240088
3078,0.00012029994
3079,0.6025012
3080,0.9998272
3081,8.091386e-06
3082,0.9972283
3083,0.0017905659
3084,0.00019775997
3085,0.9994752
3086,0.88050175
3087,0.999501
3088,0.010950018
3089,0.0006366065
3090,0.1083682
3091,0.99873084
3092,1.5830643e-05
3093,0.99792296
3094,0.005777077
3095,0.5655484
3096,0.0012058566
3097,0.0013632661
3098,0.99931407
3099,0.047082614
3100,0.99876416
3101,0.0018008072
3102,0.999363
3103,0.0008062005
3104,0.0009839205
3105,0.9658865
3106,2.290385e-05
3107,0.0046420144
3108,6.132868e-05
3109,0.5020324
3110,0.00021001813
3111,0.9986547
3112,0.0017824912
3113,0.3299803
3114,0.99669766
3115,0.8809869
3116,0.027138494
3117,0.43828356
3118,0.00045033163
3119,0.46814737
3120,0.00013398196
3121,0.001082149
3122,0.0020421844
3123,0.00045791015
3124,0.015497372
3125,0.0001717599
3126,0.00044716292
3127,0.999764
3128,0.000283301
3129,0.99980074
3130,0.9994573
3131,0.0003060352
3132,0.9989436
3133,2.4786585e-05
3134,0.00030715755
3135,0.029324403
3136,0.04887288
3137,0.21353018
3138,0.50183916
3139,0.005706916
3140,0.0011297435
3141,0.00020563266
3142,0.44186127
3143,0.3625459
3144,0.99986815
3145,0.00018345888
3146,3.370203e-05
3147,0.000114523216
3148,2.6468428e-05
3149,0.0053217593
3150,3.442232e-05
3151,9.9944926e-05
3152,0.98973364
3153,1.1177039e-05
3154,0.000115022885
3155,0.9781465
3156,0.00027356113
3157,9.588116e-05
3158,0.99934584
3159,0.77286136
3160,0.00026244207
3161,1.3178191e-05
3162,0.0020249337
3163,0.99862397
3164,0.03679229
3165,0.0012094459
3166,0.00027795072
3167,0.044139594
3168,0.99725574
3169,0.13975926
3170,0.011875181
3171,0.006909061
3172,0.9977709
3173,0.0076295864
3174,0.28117204
3175,0.995158
3176,0.00016642662
3177,0.9925012
3178,0.0046086577
3179,0.00036959592
3180,8.99547e-05
3181,0.17541125
3182,0.035190288
3183,0.0012650146
3184,0.99797624
3185,0.46814737
3186,3.549526e-05
3187,0.99964356
3188,6.977492e-05
3189,0.019333718
3190,0.00056728104
3191,0.63024837
3192,3.721707e-05
3193,2.7000817e-05
3194,0.9991642
3195,0.046804316
3196,0.69890934
3197,0.9992342
3198,0.35528186
3199,0.00074931234
3200,0.00036513445
3201,0.9945997
3202,5.6721205e-05
3203,0.0033621257
3204,0.94027203
3205,0.281278
3206,0.99541193
3207,0.033687286
3208,0.000118588985
3209,0.99988186
3210,4.5304845e-05
3211,0.00078176096
3212,0.13998833
3213,0.0005652853
3214,0.99934834
3215,0.80962354
3216,9.576481e-07
3217,0.21804176
3218,0.00027047188
3219,0.004860905
3220,0.99798715
3221,0.89068043
3222,0.99966514
3223,0.9997185
3224,0.99729794
3225,0.75447965
3226,0.9926732
3227,0.9983158
3228,0.003101427
3229,1.2866816e-05
3230,0.09618687
3231,0.9984085
3232,0.01615181
3233,0.99548435
3234,9.2401446e-05
3235,0.00036884795
3236,0.0065577016
3237,6.282081e-05
3238,0.42866847
3239,5.856153e-06
3240,0.00086189056
3241,0.000565053
3242,0.996356
3243,0.0006712957
3244,0.96499354
3245,0.0068156607
3246,0.0030332503
3247,0.00010682815
3248,0.00020026203
3249,0.9363598
3250,0.6802659
3251,0.0016963057
3252,0.00037538743
3253,0.00012576849
3254,0.0126398355
3255,0.0027819593
3256,0.9970341
3257,0.99944276
3258,0.00036226862
3259,0.020619463
3260,0.00027688508
3261,0.0001133604
3262,0.9965959
3263,0.038356707
3264,0.0016622328
3265,0.99919087
3266,2.570715e-06
3267,0.0037118783
3268,0.00065239874
3269,9.129635e-05
3270,0.00079317
3271,0.0007492403
3272,0.9995284
3273,0.00015066407
3274,0.010070657
3275,0.9996681
3276,7.983063e-05
3277,0.002227075
3278,0.00024362016
3279,0.99687386
3280,0.00015182172
3281,0.020001285
3282,0.99959546
3283,0.3098819
3284,0.0021313755
3285,0.0027411145
3286,0.5085961
3287,0.0010893182
3288,0.0010805068
3289,0.002723416
3290,0.99769294
3291,0.898659
3292,0.92622554
3293,0.9986104
3294,0.059971824
3295,4.7981284e-05
3296,0.37780666
3297,0.001832264
3298,0.0014447597
3299,0.99914896
3300,0.002311487
3301,0.9996506
3302,0.00021152412
3303,0.009183598
3304,0.0004905964
3305,5.1285693e-05
3306,0.00048053195
3307,0.73310155
3308,0.58090764
3309,3.566632e-05
3310,0.9305266
3311,0.0012987509
3312,0.6334651
3313,0.0031805958
3314,0.001136885
3315,0.9436374
3316,0.00079984206
3317,0.00038362795
3318,0.8276495
3319,0.999042
3320,0.62655795
3321,0.6297914
3322,0.9994485
3323,0.99688196
3324,4.3343596e-05
3325,0.9971908
3326,0.00015389104
3327,0.16745688
3328,0.015676066
3329,2.0956486e-05
3330,0.0008460281
3331,0.0052100653
3332,0.0003219442
3333,0.06663806
3334,0.003090117
3335,0.00043237378
3336,0.8239411
3337,0.00016412367
3338,9.6537595e-05
3339,0.000110228444
3340,0.9970402
3341,0.59058344
3342,0.051396165
3343,0.03925931
3344,0.91304725
3345,0.0011723707
3346,0.9938763
3347,0.00056338415
3348,0.007905713
3349,0.006064369
3350,0.0003620249
3351,0.99907076
3352,0.0026086604
3353,0.00018302196
3354,0.9667655
3355,0.54580903
3356,7.008596e-06
3357,0.0004125925
3358,0.99960643
3359,0.9964353
3360,0.0018678522
3361,0.92019147
3362,0.73668927
3363,0.00010375182
3364,0.907622
3365,0.0007605039
3366,0.9995435
3367,0.0002787691
3368,4.44298e-06
3369,7.361161e-05
3370,0.001687313
3371,0.0019310663
3372,0.7909349
3373,0.0011166843
3374,0.9998349
3375,0.07898281
3376,0.008817745
3377,0.00084737345
3378,0.0061093844
3379,5.730419e-05
3380,0.00096227915
3381,0.99647874
3382,0.051452555
3383,0.0020976616
3384,0.00926703
3385,0.87367874
3386,0.00010251383
3387,6.6847846e-05
3388,0.9838689
3389,9.9945115e-05
3390,5.4195134e-05
3391,0.99995387
3392,0.99951565
3393,5.936755e-05
3394,0.99580246
3395,0.99820125
3396,0.9957178
3397,0.0011592228
3398,0.0022582388
3399,6.8618756e-05
3400,0.99783665
3401,0.0029487729
3402,0.0008878204
3403,0.00021181103
3404,0.8939703
3405,0.77434266
3406,0.0025769898
3407,4.573678e-05
3408,0.00032622396
3409,0.9977884
3410,0.9989942
3411,0.00020871036
3412,0.00012363559
3413,0.00030940774
3414,7.059503e-05
3415,0.9971957
3416,0.9959954
3417,0.0020653352
3418,0.9976616
3419,0.0006302304
3420,0.9993436
3421,0.0021174315
3422,0.0011886153
3423,0.010320329
3424,0.00023381379
3425,0.0005949473
3426,0.04378381
3427,0.0058668763
3428,0.9994287
3429,0.9996575
3430,0.0010118169
3431,0.0060022166
3432,0.99989855
3433,0.00042774843
3434,0.00069108215
3435,4.4177896e-06
3436,0.0008342467
3437,0.00096197583
3438,0.99826896
3439,0.34990045
3440,0.00013715847
3441,0.9978551
3442,0.0013265435
3443,0.92438275
3444,6.702341e-05
3445,0.90863055
3446,0.99967873
3447,0.0003817274
3448,0.04398067
3449,0.00024168553
3450,0.08891287
3451,0.00022296527
3452,0.7830997
3453,0.9990214
3454,0.00079896
3455,0.33359963
3456,0.00021682201
3457,0.9994962
3458,0.0076112836
3459,0.0003886519
3460,0.0015566668
3461,6.042768e-05
3462,8.7192435e-05
3463,0.008981989
3464,0.7395713
3465,0.00034728824
3466,0.99976116
3467,0.9911499
3468,7.153255e-05
3469,0.087164685
3470,2.8526125e-05
3471,0.99879825
3472,0.00015719829
3473,0.0012735915
3474,0.00073371193
3475,0.042288583
3476,0.98896503
3477,0.00011562459
3478,0.9909861
3479,0.9946068
3480,1.2615664e-06
3481,0.6178267
3482,0.0011517124
3483,3.1920143e-05
3484,0.26706517
3485,0.00020648829
3486,1.564883e-05
3487,4.4388074e-05
3488,0.0005603408
3489,0.009464063
3490,6.83434e-05
3491,0.99888533
3492,0.0021519302
3493,0.06251736
3494,6.1666888e-06
3495,0.00050213165
3496,0.99326843
3497,0.9993794
3498,0.0008384116
3499,0.008857955
3500,0.99914
3501,0.0008146436
3502,0.99816173
3503,0.00038704544
3504,0.0006299323
3505,6.5128115e-06
3506,0.00036878025
3507,0.001869355
3508,0.00023956486
3509,0.93098164
3510,0.9993961
3511,1.9938137e-05
3512,0.0010238525
3513,0.061355066
3514,0.0029033707
3515,0.23288164
3516,0.9998066
3517,0.0030655207
3518,0.997898
3519,0.35082448
3520,0.99658906
3521,0.028161926
3522,0.9998348
3523,0.013773387
3524,0.9959558
3525,0.99951696
3526,0.9939943
3527,0.99729186
3528,0.00013876316
3529,0.99981934
3530,0.000540381
3531,0.6854223
3532,0.99730885
3533,0.99903905
3534,0.0012639469
3535,0.46643546
3536,0.0020257195
3537,0.9960452
3538,0.011508102
3539,0.0011981521
3540,0.0026048918
3541,0.99980587
3542,5.3724056e-05
3543,0.0004809323
3544,0.6661838
3545,0.018265551
3546,2.8081478e-05
3547,0.00035535402
3548,0.99357516
3549,0.0014468099
3550,0.70159
3551,0.0012235539
3552,0.00024509037
3553,0.00011128272
3554,4.2786382e-06
3555,0.99856734
3556,0.0007337055
3557,0.0004288817
3558,5.619073e-05
3559,0.2511884
3560,0.00022819467
3561,0.99906915
3562,0.0010906926
3563,3.687534e-05
3564,0.013271665
3565,0.0020475774
3566,0.00063737086
3567,0.0014279977
3568,0.999158
3569,0.001102487
3570,0.002662006
3571,5.004696e-05
3572,0.013956299
3573,0.027055025
3574,7.8613826e-05
3575,0.0012605923
3576,0.10452454
3577,0.7806947
3578,0.09761417
3579,0.00045326774
3580,0.9971341
3581,0.00012966833
3582,0.44973567
3583,0.0008649851
3584,0.0004176881
3585,0.42702442
3586,0.9970811
3587,0.0014860159
3588,0.9996495
3589,0.0009253363
3590,0.84593433
3591,0.99916506
3592,0.99798584
3593,0.99983966
3594,0.0011388646
3595,0.0004451664
3596,0.97688496
3597,0.99310404
3598,0.008224036
3599,0.00016041669
3600,0.999471
3601,0.0012723609
3602,0.99951804
3603,0.020990385
3604,1.0501971e-05
3605,0.001098139
3606,0.7026485
3607,0.9559984
3608,0.00010724179
3609,0.0019488586
3610,0.998818
3611,0.0017369358
3612,0.032046497
3613,0.35905015
3614,0.9993641
3615,0.9992993
3616,0.00022981316
3617,0.99760926
3618,0.001212449
3619,0.0006068728
3620,1.0091326e-05
3621,0.98408973
3622,0.9991721
3623,0.00024016738
3624,0.93763125
3625,0.0009133642
3626,0.00044233585
3627,0.22570772
3628,0.95035225
3629,0.004358589
3630,0.09893068
3631,0.0014758891
3632,0.9995546
3633,0.0035524315
3634,4.2186195e-05
3635,0.0003051689
3636,0.6256364
3637,0.99929833
3638,0.00021559931
3639,0.000107402346
3640,0.8476751
3641,0.001411267
3642,0.6544384
3643,0.99936324
3644,1.2182319e-05
3645,0.015801815
3646,0.9974148
3647,0.004597284
3648,0.0014577323
3649,0.00082723243
3650,0.9992173
3651,9.92395e-05
3652,8.474479e-06
3653,0.022599613
3654,0.0009446336
3655,0.0009750358
3656,0.0008111438
3657,0.9909567
3658,0.00044131352
3659,0.012177938
3660,0.002723009
3661,0.00015574253
3662,0.9915559
3663,0.0018514601
3664,6.5950885e-06
3665,0.00083010714
3666,2.9829796e-05
3667,0.41051278
3668,0.0018751333
3669,0.9983891
3670,0.015333241
3671,0.00071752205
3672,6.156023e-05
3673,0.99948126
3674,0.0039771395
3675,0.00024836088
3676,0.011291758
3677,0.9991849
3678,0.9992173
3679,0.014633325
3680,5.062973e-05
3681,0.0007245363
3682,0.4650615
3683,0.99939394
3684,0.99942565
3685,0.0032571156
3686,0.99954444
3687,0.15423462
3688,0.8155314
3689,0.051786352
3690,0.9997495
3691,0.99855834
3692,0.45159245
3693,0.99929
3694,0.00086032815
3695,0.0034473285
3696,0.0009838911
3697,0.45777416
3698,0.0036623008
3699,0.016212095
3700,6.0211703e-05
3701,0.000574504
3702,0.0010444208
3703,0.00028289785
3704,0.00052405987
3705,0.0035129888
3706,0.00016255701
3707,0.99965906
3708,0.99916637
3709,0.001981979
3710,0.99962413
3711,2.4091585e-05
3712,0.0887613
3713,0.014571367
3714,0.98178804
3715,0.14213999
3716,0.4236287
3717,0.0019346722
3718,0.84903055
3719,0.983371
3720,3.3624037e-05
3721,0.00022012566
3722,0.0050011
3723,0.44335675
3724,0.22448428
3725,0.99720734
3726,0.00016641944
3727,0.0022544584
3728,0.0017612426
3729,0.4348665
3730,0.0006354868
3731,0.9985966
3732,0.00033396075
3733,0.0013099802
3734,0.0031567235
3735,0.9989888
3736,0.99959165
3737,0.0005623357
3738,0.001382199
3739,0.005333573
3740,0.9988217
3741,0.0028760897
3742,0.0013363014
3743,0.9967715
3744,9.968443e-06
3745,0.99900085
3746,0.0006032388
3747,0.00049336004
3748,0.0075306795
3749,0.9973628
3750,0.9976356
3751,0.99745506
3752,0.0032254746
3753,0.031594627
3754,0.9948068
3755,0.00010754069
3756,7.141147e-05
3757,0.9987921
3758,2.6756963e-05
3759,0.0013342445
3760,0.5678387
3761,0.9953673
3762,0.031363897
3763,0.99951935
3764,0.000988343
3765,8.142283e-05
3766,0.00039478828
3767,0.0005092321
3768,0.018068505
3769,0.004088226
3770,6.42575e-05
3771,0.00018115746
3772,0.999688
3773,0.09038827
3774,7.901894e-06
3775,0.00021707083
3776,0.001817861
3777,0.00058383466
3778,0.96519154
3779,0.92760134
3780,0.0008328181
3781,0.00043980093
3782,0.9985875
3783,0.93565184
3784,0.0009998569
3785,0.07647138
3786,0.00042085422
3787,0.13668227
3788,0.9899942
3789,0.00010169744
3790,0.99842477
3791,6.428052e-05
3792,0.00012944426
3793,0.000937024
3794,0.013753251
3795,0.0011626076
3796,0.99906176
3797,0.9760366
3798,0.84241843
3799,0.9976476
3800,0.00087010633
3801,3.4126173e-05
3802,0.000608534
3803,0.0009696382
3804,2.267169e-05
3805,0.9898538
3806,0.99968565
3807,0.9994764
3808,0.00020864671
3809,0.0002283869
3810,0.0005537156
3811,0.0018619072
3812,0.99804664
3813,0.0001847565
3814,0.9989831
3815,0.049356494
3816,0.0004457196
3817,0.002997239
3818,0.011967253
3819,0.0006379433
3820,0.99235475
3821,0.13944452
3822,0.00039655183
3823,0.11942453
3824,0.95973086
3825,0.99974424
3826,0.010112968
3827,2.5173142e-05
3828,0.00018253882
3829,0.996454
3830,0.008577512
3831,0.99925846
3832,0.09111949
3833,0.00036240224
3834,0.00014652565
3835,0.9977717
3836,0.999514
3837,0.00025047944
3838,5.851575e-05
3839,0.00020172773
3840,0.81991196
3841,0.0039358647
3842,0.045144465
3843,0.9985428
3844,0.997872
3845,0.021905387
3846,0.0044076857
3847,0.0011411848
3848,0.0017866185
3849,0.92379266
3850,0.0028665622
3851,0.018100131
3852,9.331688e-06
3853,0.0008135185
3854,0.9994491
3855,0.9944131
3856,0.00015892964
3857,0.002110111
3858,0.0007979067
3859,0.007105038
3860,0.99968374
3861,0.997086
3862,0.5276101
3863,0.0054753744
3864,0.041972183
3865,0.99983203
3866,0.988513
3867,0.9993781
3868,2.5182122e-05
3869,0.00026900816
3870,0.000570278
3871,0.00023236706
3872,0.0025672007
3873,0.99927
3874,0.9998087
3875,0.9992986
3876,0.9995734
3877,0.00052045
3878,0.000365458
3879,0.002364586
3880,0.03387591
3881,0.4553179
3882,0.99989617
3883,0.99851054
3884,0.0104220165
3885,0.08484827
3886,0.00028596938
3887,4.8572212e-05
3888,0.99725807
3889,0.025068587
3890,0.00021573793
3891,0.0012598473
3892,0.016250808
3893,0.30386156
3894,0.95102346
3895,0.99316376
3896,0.008363595
3897,0.00029166596
3898,0.0005243299
3899,0.8112995
3900,0.015335295
3901,0.0068374947
3902,0.00039367352
3903,0.43797815
3904,0.9967675
3905,0.00082153187
3906,8.541581e-05
3907,0.022174647
3908,0.00044702156
3909,0.00047735148
3910,0.00043733677
3911,0.90845007
3912,0.0007944996
3913,0.0001304514
3914,0.00024177726
3915,0.0030201138
3916,0.00029607475
3917,0.00026631693
3918,0.017320339
3919,0.99849665
3920,0.9950976
3921,0.98069674
3922,0.9992317
3923,0.9930467
3924,0.00021367484
3925,0.9985864
3926,0.99940133
3927,0.99965894
3928,0.921446
3929,4.81937e-06
3930,0.00024136183
3931,0.9995252
3932,0.0007851
3933,5.5411256e-05
3934,6.2544525e-05
3935,0.10764462
3936,0.3729704
3937,0.9967468
3938,0.13415627
3939,0.9995258
3940,0.9969495
3941,0.0017304319
3942,3.1279171e-06
3943,0.74285215
3944,1.2392908e-05
3945,0.8637236
3946,0.00024631494
3947,0.9956292
3948,0.99788696
3949,0.0068143867
3950,0.99923456
3951,0.9958461
3952,0.00017037471
3953,0.00032324137
3954,0.0012371322
3955,0.0005774163
3956,0.00089061365
3957,0.326309
3958,0.9998042
3959,0.87555933
3960,0.99897987
3961,0.99898905
3962,0.0025256744
3963,0.0011638821
3964,0.00027736663
3965,0.0005453223
3966,0.99855345
3967,0.005889854
3968,0.99880576
3969,3.2189768e-05
3970,0.0004745264
3971,0.0019230437
3972,0.0003078495
3973,0.99741983
3974,0.99337786
3975,0.78267306
3976,0.00010026594
3977,0.0005882752
3978,0.0011150164
3979,0.0008199208
3980,0.0023475962
3981,0.02087716
3982,0.99870574
3983,0.99897206
3984,0.99965847
3985,0.999584
3986,0.25788862
3987,0.00025030522
3988,0.9989679
3989,0.011419294
3990,0.99659854
3991,0.9980919
3992,0.00020103528
3993,0.019048154
3994,0.00069540367
3995,0.9994154
3996,0.99437606
3997,0.9995603
3998,0.00065070164
3999,0.003216557
4000,0.12304888
4001,0.11452996
4002,3.703384e-05
4003,0.0001777289
4004,0.00071274425
4005,0.9965192
4006,0.00011100169
4007,0.84745264
4008,0.00028987907
4009,0.9410395
4010,0.99977845
4011,5.6395827e-05
4012,0.97271085
4013,0.0021819235
4014,0.99787927
4015,0.008464497
4016,0.099482425
4017,0.9893365
4018,0.0002155761
4019,0.00061476586
4020,0.0032134838
4021,0.0016292568
4022,0.9984841
4023,0.0017384534
4024,0.9960918
4025,0.0004560401
4026,6.42575e-05
4027,0.12327548
4028,0.00011343656
4029,0.001628777
4030,0.9818507
4031,0.9947137
4032,0.0015255775
4033,0.9954704
4034,0.92420584
4035,0.9959566
4036,0.99950445
4037,0.0030917055
4038,0.00021958824
4039,0.9443328
4040,0.061217498
4041,0.00012750023
4042,0.9977843
4043,0.019848976
4044,0.6653334
4045,0.0008664962
4046,0.0015417349
4047,5.249356e-05
4048,0.4583872
4049,0.99943453
4050,0.023543438
4051,0.0029354792
4052,0.004201033
4053,8.148808e-05
4054,4.493557e-05
4055,4.3321437e-05
4056,0.00026275034
4057,0.002345037
4058,0.9976839
4059,0.9905566
4060,7.2723764e-05
4061,0.6576083
4062,0.0021758059
4063,0.0001071324
4064,0.00040361861
4065,0.0007075789
4066,0.99996066
4067,0.0016880154
4068,0.0021685187
4069,0.99909043
4070,0.99291366
4071,0.124020964
4072,0.9987262
4073,0.99732226
4074,0.6131146
4075,0.99940217
4076,0.0010838701
4077,0.9995691
4078,0.00020713649
4079,0.99889404
4080,0.0070196814
4081,0.76166767
4082,0.02333907
4083,0.564828
4084,0.06287212
4085,0.21744595
4086,1.2156919e-05
4087,0.0010960359
4088,0.00012907623
4089,9.499276e-05
4090,0.006332165
4091,0.991524
4092,0.5734346
4093,0.9893311
4094,0.99989724
4095,0.3017521
4096,0.00018637907
4097,0.00019413188
4098,4.421528e-05
4099,0.0006132556
4100,2.8260909e-05
4101,5.8188405e-05
4102,0.40172368
4103,0.007987025
4104,0.0024191595
4105,0.83173597
4106,0.0004906988
4107,0.9985221
4108,0.019568264
4109,0.99796283
4110,0.9959518
4111,0.84092957
4112,0.999201
4113,0.00023806003
4114,0.9081047
4115,0.9908818
4116,0.0016938152
4117,0.00020195599
4118,0.9995795
4119,0.038000703
4120,0.84593433
4121,0.0010063872
4122,0.48428354
4123,0.0043115676
4124,0.00042651288
4125,0.00061378506
4126,0.9981925
4127,0.9970577
4128,0.9959567
4129,0.99942964
4130,0.0014741815
4131,0.00088167575
4132,0.99867946
4133,0.9993837
4134,0.69872206
4135,0.99799585
4136,0.9847862
4137,0.9997907
4138,1.958272e-05
4139,1.8947038e-06
4140,0.9989581
4141,0.00011592238
4142,6.0485912e-05
4143,3.800238e-05
4144,0.9925701
4145,5.06319e-05
4146,0.9974934
4147,0.99837214
4148,0.9962083
4149,0.2053631
4150,0.0025308358
4151,0.00022950661
4152,0.00058241235
4153,0.00097244186
4154,0.00042476467
4155,0.9992556
4156,0.999509
4157,0.000119490716
4158,0.28542465
4159,0.99993277
4160,9.644039e-05
4161,0.21977101
4162,0.6565173
4163,0.014365448
4164,0.9992723
4165,0.00079613883
4166,0.0003962098
4167,0.9771475
4168,0.00047012581
4169,0.35206234
4170,0.83050543
4171,0.5209602
4172,0.0001622934
4173,0.011504701
4174,0.000588109
4175,0.9829064
4176,0.99988747
4177,0.0011169062
4178,0.016754244
4179,0.0024997334
4180,0.50079966
4181,0.001960928
4182,0.99898964
4183,7.355348e-05
4184,0.99740666
4185,0.9978522
4186,0.00044307846
4187,0.0022990876
4188,0.9896854
4189,0.00088329846
4190,0.00037806333
4191,0.00026956009
4192,0.9996691
4193,0.0012144372
4194,0.006262299
4195,0.99886
4196,5.0629533e-05
4197,0.99964213
4198,0.00082623505
4199,0.0041362485
4200,0.9976373
4201,0.0007466253
4202,7.953711e-05
4203,0.0003548021
4204,0.0010296257
4205,0.6331601
4206,0.99921346
4207,0.00065279094
4208,0.00049954286
4209,0.0009853318
4210,0.0070853415
4211,0.00016264876
4212,0.00031083563
4213,0.99826413
4214,0.00026775384
4215,0.000684386
4216,0.50079966
4217,0.9982956
4218,3.8603324e-05
4219,0.0004181852
4220,0.0002198722
4221,0.1233998
4222,0.5514501
4223,0.9995864
4224,0.97565436
4225,0.99430865
4226,0.0067566955
4227,0.0007396013
4228,0.0001814071
4229,0.12928498
4230,0.59111613
4231,0.9998367
4232,0.00033258242
4233,0.00020019892
4234,0.010362347
4235,0.00058721215
4236,0.69204706
4237,1.6685211e-05
4238,1.8893343e-05
4239,0.10350614
4240,0.00066767226
4241,0.00013224495
4242,0.00092129846
4243,0.6508182
4244,0.00059165613
4245,0.038228136
4246,0.784002
4247,6.257297e-05
4248,0.6858887
4249,0.997867
4250,0.003899148
4251,0.0001814071
4252,3.666703e-05
4253,0.4990932
4254,3.9546714e-05
4255,5.241617e-05
4256,0.99968827
4257,0.9980775
4258,0.99784076
4259,0.00046329692
4260,0.83990455
4261,0.0029145114
4262,0.9831572
4263,0.012517284
4264,0.0016813044
4265,0.002709558
4266,0.00053252734
4267,0.004313313
4268,8.1403805e-06
4269,0.003952061
4270,2.000147e-05
4271,7.659955e-06
4272,0.9993024
4273,0.00034525502
4274,0.9976044
4275,0.8648374
4276,0.99826056
4277,0.9994311
4278,5.011099e-05
4279,0.0011977676
4280,0.99881774
4281,0.00071681157
4282,0.000100352525
4283,0.97867143
4284,0.002470085
4285,0.00026639196
4286,0.0022035574
4287,0.99910766
4288,0.001207114
4289,0.00035915602
4290,0.35156888
4291,0.08827667
4292,0.9122284
4293,0.00087356556
4294,0.00040774196
4295,0.9994622
4296,0.0011437952
4297,0.99812764
4298,0.0015105442
4299,0.00051690254
4300,0.99876547
4301,2.3967248e-05
4302,0.0011813277
4303,0.0017477843
4304,0.0008546078
4305,0.008268641
4306,0.00014106742
4307,0.99667656
4308,0.0006841169
4309,0.4328466
4310,0.0002155794
4311,0.0012059676
4312,0.9962257
4313,0.99163026
4314,0.17023104
4315,8.323523e-05
4316,0.50079966
4317,0.99532855
4318,0.99904567
4319,0.0028278504
4320,0.99853647
4321,0.001120695
4322,0.14314075
4323,6.511686e-05
4324,0.0029720624
4325,0.999064
4326,0.77539855
4327,0.003986977
4328,0.00058147544
4329,8.8984474e-05
4330,0.0069922316
4331,0.0014672203
4332,3.9423663e-05
4333,0.9995666
4334,3.2330936e-05
4335,0.00011491928
4336,0.049813684
4337,0.00045455896
4338,0.9365297
4339,0.0070453207
4340,0.25150174
4341,0.00076724647
4342,0.0007854733
4343,0.00016062273
4344,0.7386583
4345,0.0014900514
4346,0.9987306
4347,0.0004045634
4348,6.379665e-05
4349,0.9995777
4350,9.577472e-06
4351,0.93263274
4352,0.00020926839
4353,0.9996904
4354,0.0029393157
4355,0.9567032
4356,0.00092193915
4357,0.99927074
4358,0.0009043038
4359,0.05299884
4360,7.921705e-05
4361,0.054395698
4362,0.0030190134
4363,0.99977475
4364,0.0002661358
4365,0.0005177729
4366,0.00014161372
4367,1.3594398e-05
4368,0.8690045
4369,0.9981384
4370,0.0003960393
4371,9.5701376e-05
4372,2.3462773e-05
4373,0.97793716
4374,0.4950826
4375,0.0005197023
4376,0.0002017714
4377,0.9993531
4378,0.9950735
4379,0.00068703
4380,0.00036708073
4381,0.999401
4382,0.00044189263
4383,0.016174087
4384,0.76319027
4385,0.000166588
4386,0.99719006
4387,0.031682458
4388,0.9993352
4389,0.000111877605
4390,0.013664762
4391,0.99875367
4392,0.0060531963
4393,0.13695256
4394,0.31241387
4395,0.009451455
4396,0.01033563
4397,0.001164738
4398,0.03289858
4399,0.03266076
4400,0.0005649989
4401,0.0011855473
4402,0.8925783
4403,0.038020946
4404,0.03401887
4405,0.96628255
4406,0.00015568835
4407,0.0003911769
4408,0.0038443375
4409,2.2908938e-05
4410,0.9980817
4411,0.99434763
4412,0.9693197
4413,2.2453565e-05
4414,0.009027861
4415,0.0059332456
4416,0.0011995381
4417,0.98544484
4418,0.0001472122
4419,0.9313393
4420,0.00016690539
4421,0.0008373486
4422,0.20336421
4423,7.5498356e-05
4424,0.00011717543
4425,4.182773e-05
4426,0.00020318478
4427,0.99954045
4428,0.111237265
4429,1.47315495e-05
4430,0.97041065
4431,0.84058285
4432,0.997908
4433,0.00049100677
4434,0.09005749
4435,3.2886543e-05
4436,0.00052750076
4437,0.0013373621
4438,0.026934322
4439,3.3978185e-06
4440,0.006516636
4441,0.014664398
4442,0.99858415
4443,0.0010639043
4444,0.00030657768
4445,0.7109296
4446,0.99872595
4447,2.428478e-05
4448,0.00097422214
4449,5.595845e-05
4450,0.011677417
4451,0.00067587127
4452,0.023475962
4453,0.9985776
4454,0.00061534304
4455,0.022989497
4456,0.00045683733
4457,0.00040570775
4458,3.8126433e-05
4459,0.00056598487
4460,0.9997023
4461,0.9370914
4462,0.0009835807
4463,0.9972447
4464,0.0025736075
4465,0.99513185
4466,0.9887793
4467,0.0013744797
4468,9.1925314e-05
4469,0.006011849
4470,0.012031044
4471,0.0015655822
4472,0.0019505912
4473,0.66449875
4474,0.0009352015
4475,0.9903673
4476,0.82808083
4477,0.0012259762
4478,1.4399174e-05
4479,0.0001665154
4480,0.81384444
4481,4.5228717e-05
4482,0.00020363413
4483,0.3625758
4484,0.0062434357
4485,0.03812891
4486,0.0028119981
4487,1.04311e-05
4488,0.99882954
4489,0.978998
4490,0.99980646
4491,0.99882466
4492,0.870361
4493,5.3273878e-05
4494,0.04586689
4495,0.0003551887
4496,5.062939e-05
4497,0.92178506
4498,0.00010500899
4499,0.9995796
4500,0.00012960516
4501,0.9992391
4502,9.629931e-06
4503,0.0004604364
4504,0.97760344
4505,0.37898877
4506,0.077789836
4507,0.0005167714
4508,3.397162e-05
4509,0.99890697
4510,0.9984775
4511,0.9989517
4512,0.00020146296
4513,2.707553e-06
4514,0.0010026286
4515,0.9939757
4516,0.9407147
4517,5.013208e-05
4518,0.61846393
4519,0.8741364
4520,0.0014347638
4521,0.00053691905
4522,0.99352163
4523,0.99964225
4524,0.99766624
4525,0.00513166
4526,0.00025644666
4527,5.980095e-05
4528,4.8810693e-05
4529,0.00022996755
4530,0.0012926639
4531,0.013951681
4532,0.0010598735
4533,0.9998116
4534,0.0001266743
4535,0.00029283593
4536,0.99946946
4537,0.00023175786
4538,0.0006384102
4539,9.994484e-05
4540,0.00068542315
4541,0.9993862
4542,0.92474973
4543,0.9995735
4544,0.99952245
4545,1.819304e-05
4546,0.0050394107
4547,0.0034876924
4548,0.00011204727
4549,0.8552134
4550,0.00047017867
4551,0.009024429
4552,0.00010875576
4553,0.0004712016
4554,0.8423669
4555,0.00079356047
4556,0.001388281
4557,0.015659053
4558,0.000361741
4559,0.0071780677
4560,0.9992539
4561,0.9113955
4562,6.750258e-05
4563,1.9481127e-05
4564,0.0005299146
4565,0.9633457
4566,0.0011557317
4567,0.0010018569
4568,0.99903905
4569,9.3948975e-06
4570,0.0017848896
4571,0.19760871
4572,0.33923694
4573,0.39122036
4574,0.99798346
4575,0.0015735468
4576,0.9991339
4577,0.0010584133
4578,0.99686724
4579,0.00021151803
4580,0.9986305
4581,0.00030935538
4582,0.54021895
4583,0.0004065949
4584,0.9969175
4585,0.00061932957
4586,0.00021364281
4587,0.13984713
4588,0.9992367
4589,1.1580081e-06
4590,0.0007528098
4591,0.0019350786
4592,0.022401612
4593,0.998326
4594,0.9954366
4595,0.99583036
4596,0.99976486
4597,0.9995432
4598,0.00028533928
4599,0.0018251176
4600,6.710055e-05
4601,0.9994562
4602,0.010812952
4603,0.30705133
4604,0.116935425
4605,0.9998505
4606,0.0014680952
4607,0.0015658524
4608,0.00041204938
4609,0.98493737
4610,0.16628501
4611,0.00014193967
4612,0.00041515272
4613,0.9989735
4614,0.99816424
4615,0.0013523398
4616,0.012556057
4617,0.010942819
4618,0.99632215
4619,0.0023904862
4620,0.05010001
4621,0.0002507726
4622,5.710425e-05
4623,8.5963016e-05
4624,0.84593433
4625,0.90855014
4626,0.99918455
4627,0.00057773956
4628,1.1256663e-05
4629,0.012502126
4630,0.010519104
4631,0.94676346
4632,0.9804766
4633,0.9997012
4634,0.0025340493
4635,0.00031234493
4636,0.00047915193
4637,0.0025539065
4638,0.37959993
4639,3.6475245e-05
4640,0.00014272842
4641,0.0056099417
4642,0.0005848963
4643,1.1130261e-05
4644,6.1342274e-05
4645,3.3135417e-05
4646,0.011239145
4647,0.99411017
4648,0.0059481845
4649,0.00024929177
4650,0.26721728
4651,4.6566245e-05
4652,0.9991856
4653,0.00035017615
4654,0.9918405
4655,0.33781174
4656,0.85118693
4657,0.9979366
4658,0.00097514124
4659,0.9948723
4660,0.23946717
4661,0.99776804
4662,0.82961875
4663,0.99794227
4664,0.0065901936
4665,0.996546
4666,0.00465766
4667,0.9999118
4668,0.00015576031
4669,0.00046776995
4670,0.9912465
4671,0.00763105
4672,0.00043917567
4673,0.99096686
4674,0.00032049525
4675,0.00018986013
4676,0.43481082
4677,0.997329
4678,0.00021429673
4679,0.010374123
4680,0.9949844
4681,7.428515e-05
4682,0.9987833
4683,0.00014781985
4684,0.0002345063
4685,0.0002579267
4686,0.00017005131
4687,0.35081953
4688,0.00042872643
4689,0.00019910772
4690,0.9993705
4691,0.5008988
4692,0.00034056112
4693,0.0007685526
4694,0.0001990155
4695,0.0006401272
4696,0.650262
4697,9.899011e-05
4698,0.9899351
4699,0.9983064
4700,0.0009893558
4701,0.00077199074
4702,0.0027060253
4703,0.99924195
4704,0.9985668
4705,0.9996271
4706,0.9963905
4707,0.99786276
4708,0.08380547
4709,0.0031886324
4710,0.04123794
4711,0.013752132
4712,0.9983987
4713,0.9993074
4714,0.74380124
4715,0.6777317
4716,0.0040070624
4717,0.053180017
4718,0.00020157352
4719,0.55973995
4720,7.324271e-05
4721,0.48400375
4722,0.99967206
4723,0.0024602502
4724,0.00037185202
4725,0.84593433
4726,0.9982249
4727,0.99524885
4728,0.00027963
4729,0.11280565
4730,0.0010380347
4731,0.00018086491
4732,0.00019856446
4733,0.0023343023
4734,0.00015467929
4735,2.8782755e-05
4736,0.99867165
4737,0.9995198
4738,0.99492836
4739,0.076560535
4740,0.0005859571
4741,0.99016094
4742,0.0019160283
4743,0.0043789735
4744,0.07837176
4745,0.00091324927
4746,0.021881316
4747,2.988013e-05
4748,0.9966239
4749,0.96716523
4750,0.9968041
4751,0.0015333059
4752,0.00049263384
4753,0.0003681149
4754,0.0026450348
4755,0.42153418
4756,0.01388523
4757,0.00074645755
4758,0.06882748
4759,0.6961012
4760,0.00012408638
4761,0.9989434
4762,0.00022284526
4763,6.239365e-05
4764,0.9487053
4765,0.99964774
4766,0.015045827
4767,0.0011177409
4768,0.0008485418
4769,0.00029724516
4770,0.0010728078
4771,6.470509e-05
4772,0.0060494686
4773,0.00265338
4774,0.99857116
4775,0.99800736
4776,0.0009477823
4777,0.9986303
4778,9.335991e-05
4779,0.9911958
4780,0.0002495405
4781,0.9998448
4782,0.9998186
4783,5.903567e-05
4784,0.00056974933
4785,3.0151004e-05
4786,1.1422409e-05
4787,0.9978834
4788,6.225277e-06
4789,0.12447062
4790,0.808346
4791,0.0039402004
4792,0.0032822646
4793,0.99877757
4794,1.52264e-05
4795,0.00014989464
4796,0.9994848
4797,0.32441354
4798,0.9991093
4799,0.01581079
4800,0.004823302
4801,0.00016358958
4802,0.99583083
4803,5.1285693e-05
4804,0.9978079
4805,0.9983713
4806,1.8596343e-06
4807,0.9990225
4808,0.100423895
4809,0.99823594
4810,0.9975804
4811,4.8783957e-05
4812,0.99892944
4813,0.0012121043
4814,0.00040506868
4815,0.017083162
4816,0.99928623
4817,0.99911004
4818,0.9411947
4819,0.0005663125
4820,1.4265999e-05
4821,0.99510175
4822,0.9954098
4823,0.0005926296
4824,0.9989955
4825,6.774095e-05
4826,0.0005859571
4827,0.8296488
4828,1.4279893e-05
4829,5.0308754e-05
4830,0.46138
4831,0.00024968514
4832,0.9992737
4833,0.9987191
4834,0.0012944641
4835,0.00085598207
4836,0.89290696
4837,0.0009584279
4838,0.94073504
4839,0.0113355005
4840,0.99915147
4841,0.9998331
4842,0.22105783
4843,0.0011451768
4844,0.0011263991
4845,0.00017386812
4846,0.0007291758
4847,4.6877434e-05
4848,9.419004e-05
4849,0.0037705423
4850,0.007077961
4851,0.006155073
4852,0.8959206
4853,0.0003973876
4854,0.6669405
4855,0.018286027
4856,9.931668e-05
4857,0.06588485
4858,2.6433552e-05
4859,0.5778949
4860,0.0023264384
4861,0.00019269984
4862,0.38567913
4863,0.9994603
4864,0.996349
4865,0.9998037
4866,0.00042584335
4867,0.9996276
4868,0.017484305
4869,0.03155189
4870,0.02784324
4871,0.82126445
4872,0.0011278209
4873,0.9980715
4874,0.0016063233
4875,0.9987469
4876,0.02283471
4877,0.99700373
4878,0.9994962
4879,0.99915206
4880,0.5726701
4881,0.4968501
4882,6.9858115e-06
4883,0.0004382456
4884,0.4027425
4885,0.36282775
4886,0.03171008
4887,0.99956876
4888,0.0019259715
4889,0.004636477
4890,2.5256866e-05
4891,3.6267643e-06
4892,0.0026019656
4893,0.00011703209
4894,0.9957165
4895,0.95511633
4896,0.00020337234
4897,0.99903536
4898,0.0012908226
4899,0.9996599
4900,0.99647516
4901,0.99948573
4902,0.0014897058
4903,8.562419e-05
4904,0.08893605
4905,0.9998888
4906,0.99817884
4907,0.9977176
4908,0.9991366
4909,0.0001491644
4910,0.99796414
4911,0.9995228
4912,0.99886656
4913,0.96667826
4914,0.12628146
4915,0.9948796
4916,0.99938726
4917,0.07213456
4918,0.35105982
4919,0.0015761246
4920,0.9971374
4921,0.99012685
4922,0.99453664
4923,0.9990711
4924,0.00041853392
4925,0.00057844707
4926,0.99931026
4927,0.000296692
4928,0.0013232206
4929,0.000742867
4930,0.998103
4931,0.0013071597
4932,0.043373205
4933,0.99879056
4934,0.00071472506
4935,0.00031817047
4936,8.694002e-06
4937,0.7108415
4938,4.3773543e-05
4939,0.0004097853
4940,1.5656698e-06
4941,0.99847513
4942,0.99920875
4943,0.998398
4944,0.00011000532
4945,0.0010090648
4946,0.0017224146
4947,0.97152746
4948,0.9982882
4949,0.00013792857
4950,0.0030392786
4951,0.0061259368
4952,0.18002404
4953,0.9976998
4954,3.0402893e-05
4955,0.0016855478
4956,0.00025889534
4957,0.0021197756
4958,0.99902964
4959,1.3109964e-05
4960,0.069677845
4961,5.031531e-05
4962,0.0020178927
4963,0.00031569527
4964,0.99018353
4965,0.00037654224
4966,0.001035784
4967,3.7962553e-05
4968,0.988729
4969,0.14220007
4970,0.0016581072
4971,0.2070075
4972,0.28296524
4973,0.49899238
4974,0.00032149127
4975,0.947621
4976,0.000129227
4977,0.00046725257
4978,0.0012728061
4979,0.019759405
4980,0.0008572269
4981,1.4067837e-05
4982,0.00157586
4983,0.9980281
4984,0.0018650246
4985,0.006031356
4986,0.0003103227
4987,8.377894e-05
4988,0.0019553225
4989,0.9982907
4990,2.1524145e-05
4991,0.001850803
4992,0.0055534686
4993,0.0007263411
4994,0.0007861824
4995,0.99907327
4996,0.0007750034
4997,4.101965e-05
4998,0.9998234
4999,0.9272264
